Workbook

Sheet Glossary
A1: Freshwater | C1: Armor Traits | E1: Eye Traits | G1: Horn Traits
A2: Pond | C2: Scaleback | E2: Ember Eyes | G2: Single Horn
A3: Lake | C3: Iron Scale | E3: Sapphire Eyes | G3: Twin Horn
A4: Reservoir | C4: Crystal Scale | E4: Golden Eyes | G4: Crown Horn
A5: River | C5: Ridgeback | E5: Blind White Eyes | G5: Curved Horn
A6: Stream | C6: Bone Plate | E6: Crystal Eyes | G6: Antler Horn
A7: Creek | C7: Stonehide | E7: Slit Pupils | G7: Frilled Horn
A8: Brook | C8: Barkhide | E8: Multi-Iris Eyes | G8: Nose Spike
A9: Canal | C9: Obsidian Scale | E9: Luminous Eyes | G9: Jaw Horn
A10: Ditch | C10: Mirror Scale | E10: Void Eyes | G10: Hook Horn
A11: Spring | C11: Serrated Scale
A12: Wetland | E12: Body Growth | G12: Mouth Traits
A13: Marsh | C13: Tail Traits | E13: Giant | G13: Fangjaw
A14: Swamp | C14: Hammer Tail | E14: Dwarf | G14: Sawtooth
A15: Oxbow Lake | C15: Spiked Tail | E15: Longbody | G15: Split Jaw
C16: Whip Tail | E16: Thickbody | G16: Reinforced Jaw
A17: Brackish Water | C17: Club Tail | E17: Deepbody | G17: Venom Fang
A18: Estuary | C18: Split Tail | E18: Broadhead | G18: Heated Teeth
A19: Delta | C19: Bladed Tail | E19: Heavy Bone | G19: Stone Teeth
A20: Lagoon | C20: Anchor Tail | E20: Massive Spine
A21: Mangrove
A22: Tidal Creek | C22: Mana Traits | E22: Claw / Fin Traits
A23: Tidal River | C23: Crystal Veins | E23: Bladefin
C24: Glowing Veins | E24: Razorfin
A25: Saltwater | C25: Mana Bloom | E25: Wingfin
A26: Ocean | C26: Arc Marks | E26: Hookfin
A27: Sea | C27: Mana Tumor | E27: Spinefin
A28: Bay | C28: Mana Scar | E28: Bonefin
A29: Gulf | C29: Runic Pattern | E29: Featherfin
A30: Sound | C30: Mana Pulse | E30: Broadfin
A31: Cove
A32: Inlet
A33: Harbor
A34: Fjord
E88: Elemental Traits
E89: Ember
E90: Frost
E91: Storm
E92: Static
E93: Venom
E94: Acid
E95: Smoke
E96: Steam
E97: Sand
E98: Mud

Sheet Rarity
A1: Initial | B1: Name | C1: Weight Range | D1: Base Bite | E1: Base Escape | F1: Base Mutation
A2: C | B2: Common | C2: 451-1000 | D2: 100 | E2: 0 | F2: 5
A3: UC | B3: Uncommon | C3: 201-450 | D3: 100 | E3: 0 | F3: 4
A4: R | B4: Rare | C4: 51-200 | D4: 60 | E4: 15 | F4: 3
A5: L | B5: Legendary | C5: 11-50 | D5: 20 | E5: 25 | F5: 2
A6: M | B6: Mythical | C6: 1-10 | D6: 10 | E6: 40 | F6: 1
A7: E | B7: Event | C7: 1-1000 | D7: 100 | E7: 30 | F7: 0

Sheet Bait
A1: Name | B1: Category | C1: Water | D1: Description
A2: Earthworm | B2: Worm | C2: 1.2 | D2: The basic natural bait that attract wide range of bottom-feeding fish and omnivorous fish. | E2: =_xlfn.CONCAT("('",A2,"',","'",B2,"',","'",D2,"')") -> ('Earthworm','Worm','The basic natural bait that attract wide range of bottom-feeding fish and omnivorous fish.')
A3: Nightcrawler | B3: Worm | C3: 1.2 | D3: A large and lively worm that attracts bigger fish looking for an easy prey because of its movement. | E3: =_xlfn.CONCAT("('",A3,"',","'",B3,"',","'",D3,"')") -> ('Nightcrawler','Worm','A large and lively worm that attracts bigger fish looking for an easy prey because of its movement.')
A4: Ragworm | B4: Worm | C4: 2.3 | D4: A tough marine worm that attracts aggressive predators lives in brackish and seawater. | E4: =_xlfn.CONCAT("('",A4,"',","'",B4,"',","'",D4,"')") -> ('Ragworm','Worm','A tough marine worm that attracts aggressive predators lives in brackish and seawater.')
A5: Bloodworm | B5: Worm | C5: 1,2,3 | D5: Bright red larvae rich in nutrients, irresistible to many insect-eating and bottom-feeding fish. | E5: =_xlfn.CONCAT("('",A5,"',","'",B5,"',","'",D5,"')") -> ('Bloodworm','Worm','Bright red larvae rich in nutrients, irresistible to many insect-eating and bottom-feeding fish.')
A6: Sandworm | B6: Worm | C6: 2.3 | D6: A worm living inside a sandy bottom is targeted by fish that forage on the bottom of the water. | E6: =_xlfn.CONCAT("('",A6,"',","'",B6,"',","'",D6,"')") -> ('Sandworm','Worm','A worm living inside a sandy bottom is targeted by fish that forage on the bottom of the water.')
A7: River Shrimp | B7: Crustacean | C7: 1.2 | D7: A type of crustacean favored by freshwater and brackish predators. | E7: =_xlfn.CONCAT("('",A7,"',","'",B7,"',","'",D7,"')") -> ('River Shrimp','Crustacean','A type of crustacean favored by freshwater and brackish predators.')
A8: Small Crab | B8: Crustacean | C8: 2.3 | D8: A small crustacean, a highly sought-after fish not bothered by the shell. | E8: =_xlfn.CONCAT("('",A8,"',","'",B8,"',","'",D8,"')") -> ('Small Crab','Crustacean','A small crustacean, a highly sought-after fish not bothered by the shell.')
A9: Prawn | B9: Crustacean | C9: 1,2,3 | D9: A large meaty crustacean, irresistible to omnivorous fish and predator alike. | E9: =_xlfn.CONCAT("('",A9,"',","'",B9,"',","'",D9,"')") -> ('Prawn','Crustacean','A large meaty crustacean, irresistible to omnivorous fish and predator alike.')
A10: Shrimp | B10: Crustacean | C10: 1,2,3 | D10: A small freshwater crustacean that attracts fish that hunting aquatic prey. | E10: =_xlfn.CONCAT("('",A10,"',","'",B10,"',","'",D10,"')") -> ('Shrimp','Crustacean','A small freshwater crustacean that attracts fish that hunting aquatic prey.')
A11: Crayfish | B11: Crustacean | C11: 1 | D11: A freshwater crustacean is highly effective in attracting large predatory fish lurking near the bottom. | E11: =_xlfn.CONCAT("('",A11,"',","'",B11,"',","'",D11,"')") -> ('Crayfish','Crustacean','A freshwater crustacean is highly effective in attracting large predatory fish lurking near the bottom.')
A12: Beetle Grub | B12: Larvae | C12: 1 | D12: A soft-bodied larva packed with protein necessary to attracts insect lover fish. | E12: =_xlfn.CONCAT("('",A12,"',","'",B12,"',","'",D12,"')") -> ('Beetle Grub','Larvae','A soft-bodied larva packed with protein necessary to attracts insect lover fish.')
A13: Mealworm | B13: Larvae | C13: 1 | D13: A wriggling larvae that appeals to fish hunting for food near the surface of the water. | E13: =_xlfn.CONCAT("('",A13,"',","'",B13,"',","'",D13,"')") -> ('Mealworm','Larvae','A wriggling larvae that appeals to fish hunting for food near the surface of the water.')
A14: Dragonfly Nymph | B14: Larvae | C14: 1 | D14: An aquatic insect larva is preyed upon by many freshwater fish. | E14: =_xlfn.CONCAT("('",A14,"',","'",B14,"',","'",D14,"')") -> ('Dragonfly Nymph','Larvae','An aquatic insect larva is preyed upon by many freshwater fish.')
A15: Water Beetle Larva | B15: Larvae | C15: 1 | D15: A juicy aquatic larva that is hunted by fish searching for underwater insects. | E15: =_xlfn.CONCAT("('",A15,"',","'",B15,"',","'",D15,"')") -> ('Water Beetle Larva','Larvae','A juicy aquatic larva that is hunted by fish searching for underwater insects.')
A16: Superworm | B16: Larvae | C16: 1 | D16: A larger worm that attracts bigger insectivorous fish. | E16: =_xlfn.CONCAT("('",A16,"',","'",B16,"',","'",D16,"')") -> ('Superworm','Larvae','A larger worm that attracts bigger insectivorous fish.')
A17: Grasshopper | B17: Insect | C17: 1.2 | D17: A surface insect that draws attention from fish that are waiting for an insect to fall into the water. | E17: =_xlfn.CONCAT("('",A17,"',","'",B17,"',","'",D17,"')") -> ('Grasshopper','Insect','A surface insect that draws attention from fish that are waiting for an insect to fall into the water.')
A18: Cricket | B18: Insect | C18: 1.2 | D18: A lively insect that moves constantly, attracting opportunistic fish. | E18: =_xlfn.CONCAT("('",A18,"',","'",B18,"',","'",D18,"')") -> ('Cricket','Insect','A lively insect that moves constantly, attracting opportunistic fish.')
A19: Locust | B19: Insect | C19: 1 | D19: A large insect offering a big meal for surface-feeding fish. | E19: =_xlfn.CONCAT("('",A19,"',","'",B19,"',","'",D19,"')") -> ('Locust','Insect','A large insect offering a big meal for surface-feeding fish.')
A20: Cicada | B20: Insect | C20: 1 | D20: A seasonal insect that fish loved, eagerly waiting for it to drop to water. | E20: =_xlfn.CONCAT("('",A20,"',","'",B20,"',","'",D20,"')") -> ('Cicada','Insect','A seasonal insect that fish loved, eagerly waiting for it to drop to water.')
A21: Termite | B21: Insect | C21: 1 | D21: A small insect is often consumed by a swarm of fish or a school of fish. | E21: =_xlfn.CONCAT("('",A21,"',","'",B21,"',","'",D21,"')") -> ('Termite','Insect','A small insect is often consumed by a swarm of fish or a school of fish.')
A22: Mussel Meat | B22: Mollusk | C22: 1,2,3 | D22: Soft shellfish meat that has a strong scent that attracts bottom-feeding fish. | E22: =_xlfn.CONCAT("('",A22,"',","'",B22,"',","'",D22,"')") -> ('Mussel Meat','Mollusk','Soft shellfish meat that has a strong scent that attracts bottom-feeding fish.')
A23: Pond Snail | B23: Mollusk | C23: 1 | D23: A common freshwater mollusk that loves the taste of shelled animal. | E23: =_xlfn.CONCAT("('",A23,"',","'",B23,"',","'",D23,"')") -> ('Pond Snail','Mollusk','A common freshwater mollusk that loves the taste of shelled animal.')
A24: Clam Meat | B24: Mollusk | C24: 1 | D24: Tender clam meat that releases a scent, irresistible to bottom-feeding fish, even humans. | E24: =_xlfn.CONCAT("('",A24,"',","'",B24,"',","'",D24,"')") -> ('Clam Meat','Mollusk','Tender clam meat that releases a scent, irresistible to bottom-feeding fish, even humans.')
A25: Cockle Meat | B25: Mollusk | C25: 2.3 | D25: A salty shellfish popular among brackish and coastal fish. | E25: =_xlfn.CONCAT("('",A25,"',","'",B25,"',","'",D25,"')") -> ('Cockle Meat','Mollusk','A salty shellfish popular among brackish and coastal fish.')
A26: Oyster Meat | B26: Mollusk | C26: 2.3 | D26: Rich, oily meat that attracts fish relying on scent to locate their food. | E26: =_xlfn.CONCAT("('",A26,"',","'",B26,"',","'",D26,"')") -> ('Oyster Meat','Mollusk','Rich, oily meat that attracts fish relying on scent to locate their food.')
A27: Minnow | B27: Fish | C27: 1.2 | D27: A live baitfish that attracts larger fish that are hunting small fish. | E27: =_xlfn.CONCAT("('",A27,"',","'",B27,"',","'",D27,"')") -> ('Minnow','Fish','A live baitfish that attracts larger fish that are hunting small fish.')
A28: Sardine | B28: Fish | C28: 2.3 | D28: An oily baitfish that produces a scent trail irresistible to marine predators. | E28: =_xlfn.CONCAT("('",A28,"',","'",B28,"',","'",D28,"')") -> ('Sardine','Fish','An oily baitfish that produces a scent trail irresistible to marine predators.')
A29: Anchovy | B29: Fish | C29: 2.3 | D29: A small baitfish is attractive to schooling predators. | E29: =_xlfn.CONCAT("('",A29,"',","'",B29,"',","'",D29,"')") -> ('Anchovy','Fish','A small baitfish is attractive to schooling predators.')
A30: Juvenile Carp | B30: Fish | C30: 1 | D30: A small carp that attracts larger freshwater predators. | E30: =_xlfn.CONCAT("('",A30,"',","'",B30,"',","'",D30,"')") -> ('Juvenile Carp','Fish','A small carp that attracts larger freshwater predators.')
A31: Juvenile Perch | B31: Fish | C31: 1 | D31: A natural prey for some large carnivorous fish. | E31: =_xlfn.CONCAT("('",A31,"',","'",B31,"',","'",D31,"')") -> ('Juvenile Perch','Fish','A natural prey for some large carnivorous fish.')
A32: Beef Meat | B32: Meat | C32: 1 | D32: A chunk of meat whose strong scent is really effective to attracts scavenger and opportunistic predator fish. | E32: =_xlfn.CONCAT("('",A32,"',","'",B32,"',","'",D32,"')") -> ('Beef Meat','Meat','A chunk of meat whose strong scent is really effective to attracts scavenger and opportunistic predator fish.')
A33: Pork Meat | B33: Meat | C33: 1 | D33: Fatty meat for an unusual fish that is not afraid to try anything new. | E33: =_xlfn.CONCAT("('",A33,"',","'",B33,"',","'",D33,"')") -> ('Pork Meat','Meat','Fatty meat for an unusual fish that is not afraid to try anything new.')
A34: Chicken Meat | B34: Meat | C34: 1,2,3 | D34: Tender meat is used to attract omnivorous and predator fish alike. | E34: =_xlfn.CONCAT("('",A34,"',","'",B34,"',","'",D34,"')") -> ('Chicken Meat','Meat','Tender meat is used to attract omnivorous and predator fish alike.')
A35: Chicken Heart | B35: Meat | C35: 1,2,3 | D35: Dense and durable bait that stays on the hook even after being peck by predators. | E35: =_xlfn.CONCAT("('",A35,"',","'",B35,"',","'",D35,"')") -> ('Chicken Heart','Meat','Dense and durable bait that stays on the hook even after being peck by predators.')
A36: Pork Intestine | B36: Meat | C36: 1 | D36: Tough, oily intestine that release strong scent to attract big predator. | E36: =_xlfn.CONCAT("('",A36,"',","'",B36,"',","'",D36,"')") -> ('Pork Intestine','Meat','Tough, oily intestine that release strong scent to attract big predator.')
A37: Bread | B37: Produce | C37: 1 | D37: A simple bait to catch herbivorous and omnivorous fish. | E37: =_xlfn.CONCAT("('",A37,"',","'",B37,"',","'",D37,"')") -> ('Bread','Produce','A simple bait to catch herbivorous and omnivorous fish.')
A38: Dough | B38: Produce | C38: 1 | D38: Soft and moldable bait commonly used for fish that feed on plants and grain matter. | E38: =_xlfn.CONCAT("('",A38,"',","'",B38,"',","'",D38,"')") -> ('Dough','Produce','Soft and moldable bait commonly used for fish that feed on plants and grain matter.')
A39: Sweet Corn | B39: Produce | C39: 1 | D39: Attract curious omnivorous fish with its color and sweet scent. | E39: =_xlfn.CONCAT("('",A39,"',","'",B39,"',","'",D39,"')") -> ('Sweet Corn','Produce','Attract curious omnivorous fish with its color and sweet scent.')
A40: Rice | B40: Produce | C40: 1 | D40: Small grain is occasionally eaten by fish lived near farm water. | E40: =_xlfn.CONCAT("('",A40,"',","'",B40,"',","'",D40,"')") -> ('Rice','Produce','Small grain is occasionally eaten by fish lived near farm water.')
A41: Cheese | B41: Produce | C41: 1 | D41: A pungent dairy bait whose rich aroma attracts omnivorous and scent-driven fish. | E41: =_xlfn.CONCAT("('",A41,"',","'",B41,"',","'",D41,"')") -> ('Cheese','Produce','A pungent dairy bait whose rich aroma attracts omnivorous and scent-driven fish.')
A42: Squid Strip | B42: Cephalopods | C42: 2.3 | D42: Tough, chewy strip of flesh that stays on the hook attracting saltwater predators. | E42: =_xlfn.CONCAT("('",A42,"',","'",B42,"',","'",D42,"')") -> ('Squid Strip','Cephalopods','Tough, chewy strip of flesh that stays on the hook attracting saltwater predators.')
A43: Cuttlefish Strip | B43: Cephalopods | C43: 2.3 | D43: Meaty strip of flesh with a rich scent, good for attracting marine predator. | E43: =_xlfn.CONCAT("('",A43,"',","'",B43,"',","'",D43,"')") -> ('Cuttlefish Strip','Cephalopods','Meaty strip of flesh with a rich scent, good for attracting marine predator.')
A44: Octopus Strip | B44: Cephalopods | C44: 2.3 | D44: Firm flesh that is good for attracting powerful predator on the ocean. | E44: =_xlfn.CONCAT("('",A44,"',","'",B44,"',","'",D44,"')") -> ('Octopus Strip','Cephalopods','Firm flesh that is good for attracting powerful predator on the ocean.')

Sheet Rod
A1: Name | B1: Level | C1: Description
A2: Bamboo Pole | B2: 1 | C2: The most basic fishing pole, perfect for a beginner who is learning the art of fishing. Lightweight and surprisingly durable. | D2: =_xlfn.CONCAT("('",A2,"',",B2,",","'",C2,"'),") -> ('Bamboo Pole',1,'The most basic fishing pole, perfect for a beginner who is learning the art of fishing. Lightweight and surprisingly durable.'),
A3: Reed Pole | B3: 1 | C3: Pole that was crafted by bundling a bunch of reeds together. Lightweight rod that is easy to carry, but lacks power. | D3: =_xlfn.CONCAT("('",A3,"',",B3,",","'",C3,"'),") -> ('Reed Pole',1,'Pole that was crafted by bundling a bunch of reeds together. Lightweight rod that is easy to carry, but lacks power.'),
A4: Willow Pole | B4: 1 | C4: Made from a flexible willow wood, it bends easily under pressure, helping it from snapping. | D4: =_xlfn.CONCAT("('",A4,"',",B4,",","'",C4,"'),") -> ('Willow Pole',1,'Made from a flexible willow wood, it bends easily under pressure, helping it from snapping.'),
A5: Hazel Pole | B5: 1 | C5: A sturdy pole, valued for its balance of strength and flexibility, making it a good choice for everyday uses. | D5: =_xlfn.CONCAT("('",A5,"',",B5,",","'",C5,"'),") -> ('Hazel Pole',1,'A sturdy pole, valued for its balance of strength and flexibility, making it a good choice for everyday uses.'),
A6: Ash Pole | B6: 1 | C6: Made from a resilient ash wood, this pole offers excellent durability and reliable performance in a variety of water. | D6: =_xlfn.CONCAT("('",A6,"',",B6,",","'",C6,"'),") -> ('Ash Pole',1,'Made from a resilient ash wood, this pole offers excellent durability and reliable performance in a variety of water.'),
A7: Hickory Pole | B7: 1 | C7: Built from a dense hickory wood, this pole is favored by fishermen that trying to catch big predator fish. | D7: =_xlfn.CONCAT("('",A7,"',",B7,",","'",C7,"'),") -> ('Hickory Pole',1,'Built from a dense hickory wood, this pole is favored by fishermen that trying to catch big predator fish.'),
A8: Birch Rod | B8: 2 | C8: A lightweight rod with a smooth pole, offering improved handling during long periods of fishing trips. | D8: =_xlfn.CONCAT("('",A8,"',",B8,",","'",C8,"'),") -> ('Birch Rod',2,'A lightweight rod with a smooth pole, offering improved handling during long periods of fishing trips.'),
A9: Maple Rod | B9: 2 | C9: Carved from a hard maple wood, this well-balanced rod provides dependable control necessary to catch a big fish. | D9: =_xlfn.CONCAT("('",A9,"',",B9,",","'",C9,"'),") -> ('Maple Rod',2,'Carved from a hard maple wood, this well-balanced rod provides dependable control necessary to catch a big fish.'),
A10: Elm Rod | B10: 2 | C10: Known for its durability and resistance to splitting, the elm rod can withstand repeated use even in more demanding conditions. | D10: =_xlfn.CONCAT("('",A10,"',",B10,",","'",C10,"'),") -> ('Elm Rod',2,'Known for its durability and resistance to splitting, the elm rod can withstand repeated use even in more demanding conditions.'),
A11: Cedar Rod | B11: 2 | C11: Crafted from an aromatic cedar wood, this lightweight rod naturally resist moisture and decay making it ideal for fishing at a damp environment | D11: =_xlfn.CONCAT("('",A11,"',",B11,",","'",C11,"'),") -> ('Cedar Rod',2,'Crafted from an aromatic cedar wood, this lightweight rod naturally resist moisture and decay making it ideal for fishing at a damp environment'),
A12: Walnut Rod | B12: 2 | C12: A finely crafted rod using walnut wood, this rod has an elegant appearance and dependable strength for catching larger fish. | D12: =_xlfn.CONCAT("('",A12,"',",B12,",","'",C12,"'),") -> ('Walnut Rod',2,'A finely crafted rod using walnut wood, this rod has an elegant appearance and dependable strength for catching larger fish.'),
A13: Juniper Rod | B13: 3 | C13: Made from resilient juniper wood, making it a great rod naturally resistant to the elements. | D13: =_xlfn.CONCAT("('",A13,"',",B13,",","'",C13,"'),") -> ('Juniper Rod',3,'Made from resilient juniper wood, making it a great rod naturally resistant to the elements.'),
... A19: Crimson Wood Rod | B19: 4 | C19: Native to the woods of Seran forest, this crimson rod can withstand the harshest battle among the biggest fish in Endral. | D19: =_xlfn.CONCAT("('",A19,"',",B19,",","'",C19,"'),") -> ('Crimson Wood Rod',4,'Native to the woods of Seran forest, this crimson rod can withstand the harshest battle among the biggest fish in Endral. '),

Sheet Fish
A1: Name | B1: Water | C1: Type | D1: Rarity | E1: Base Weight | F1: Min Weight | G1: Max Weight | H1: Min Length | I1: Max Length | J1: Description | K1: City | L1: Season | M1: Location | N1: Water ID | O1: Rarity ID
A2: Banded Archerfish | B2: Brackish | C2: Archer | D2: Common | E2: 875 | F2: 0.1 | G2: 1 | H2: 5 | I2: 30 | J2: Known for its extraordinary marksmanship, the archerfish can accurately spit streams of water several body lengths to dislodge unsuspecting prey. | K2: All | L2: Summer, Dry | M2: Purba Mangrove, Ægir Fjord, Evrys Estuary, Seribu Arus Estuary | N2: {=_xlfn.IFS(B2="Freshwater",1,B2="Brackish",2,B2="Seawater",3)} -> 2 | O2: {=_xlfn.IFS(D2="Common",1,D2="Uncommon",2,D2="Rare",3,D2="Legendary",4,D2="Mythical",5,D2="Event",6)} -> 1 | P2: =_xlfn.CONCAT("('",A2,"',",N2,",",O2,",",E2,",",F2,",",G2,",",H2,",",I2,",","'",J2,"'),") -> ('Banded Archerfish',2,1,875,0.1,1,5,30,'Known for its extraordinary marksmanship, the archerfish can accurately spit streams of water several body lengths to dislodge unsuspecting prey.'),
A3: Northern Archerfish | B3: Brackish | C3: Archer | D3: Uncommon | E3: 350 | F3: 0.1 | G3: 1 | H3: 6 | I3: 40 | J3: The largest of the archerfish, sporting a deeper body and irregular dark markings. Its powerful water jets and impressive size make it a formidable hunter of mangrove shores. | K3: All | L3: Summer, Dry | M3: Ægir Fjord, Seribu Arus Estuary | N3: {=_xlfn.IFS(B3="Freshwater",1,B3="Brackish",2,B3="Seawater",3)} -> 2 | O3: {=_xlfn.IFS(D3="Common",1,D3="Uncommon",2,D3="Rare",3,D3="Legendary",4,D3="Mythical",5,D3="Event",6)} -> 2 | P3: =_xlfn.CONCAT("('",A3,"',",N3,",",O3,",",E3,",",F3,",",G3,",",H3,",",I3,",","'",J3,"'),") -> ('Northern Archerfish',2,2,350,0.1,1,6,40,'The largest of the archerfish, sporting a deeper body and irregular dark markings. Its powerful water jets and impressive size make it a formidable hunter of mangrove shores.'),
A4: Black Bream | B4: Brackish | C4: Bream | D4: Uncommon | E4: 350 | F4: 0.5 | G4: 4 | H4: 23 | I4: 60 | J4: A dark bronze estuarine bream with a deep body, known for its adaptability and strong fighting ability despite its modest size. | K4: All | L4: Spring, Autumn | M4: Purba Mangrove, Ægir Fjord, Evrys Estuary, Seribu Arus Estuary | N4: {=_xlfn.IFS(B4="Freshwater",1,B4="Brackish",2,B4="Seawater",3)} -> 2 | O4: {=_xlfn.IFS(D4="Common",1,D4="Uncommon",2,D4="Rare",3,D4="Legendary",4,D4="Mythical",5,D4="Event",6)} -> 2 | P4: =_xlfn.CONCAT("('",A4,"',",N4,",",O4,",",E4,",",F4,",",G4,",",H4,",",I4,",","'",J4,"'),") -> ('Black Bream',2,2,350,0.5,4,23,60,'A dark bronze estuarine bream with a deep body, known for its adaptability and strong fighting ability despite its modest size.'),
A5: Tarwhine Bream | B5: Brackish | C5: Bream | D5: Uncommon | E5: 450 | F5: 0.75 | G5: 4.5 | H5: 20 | I5: 58 | J5: A sleek silver bream with bright yellow fins, thriving in estuaries and coastal waters while feeding on small bottom-dwelling prey. | K5: All | L5: Autumn | M5: Purba Mangrove, Evrys Estuary | N5: {=_xlfn.IFS(B5="Freshwater",1,B5="Brackish",2,B5="Seawater",3)} -> 2 | O5: {=_xlfn.IFS(D5="Common",1,D5="Uncommon",2,D5="Rare",3,D5="Legendary",4,D5="Mythical",5,D5="Event",6)} -> 2 | P5: =_xlfn.CONCAT("('",A5,"',",N5,",",O5,",",E5,",",F5,",",G5,",",H5,",",I5,",","'",J5,"'),") -> ('Tarwhine Bream',2,2,450,0.75,4.5,20,58,'A sleek silver bream with bright yellow fins, thriving in estuaries and coastal waters while feeding on small bottom-dwelling prey.'),
A6: Hardhead Catfish | B6: Brackish | C6: Catfish | D6: Uncommon | E6: 275 | F6: 0.45 | G6: 3 | H6: 15 | I6: 64 | J6: Hardhead catfish are generally regarded as an undesirable catch because of the risk associated with handling the venomous fish. | K6: Seran, Tidehaven | L6: Dry, Autumn | M6: Purba Mangrove, Ægir Fjord | N6: {=_xlfn.IFS(B6="Freshwater",1,B6="Brackish",2,B6="Seawater",3)} -> 2 | O6: {=_xlfn.IFS(D6="Common",1,D6="Uncommon",2,D6="Rare",3,D6="Legendary",4,D6="Mythical",5,D6="Event",6)} -> 2 | P6: =_xlfn.CONCAT("('",A6,"',",N6,",",O6,",",E6,",",F6,",",G6,",",H6,",",I6,",","'",J6,"'),") -> ('Hardhead Catfish',2,2,275,0.45,3,15,64,'Hardhead catfish are generally regarded as an undesirable catch because of the risk associated with handling the venomous fish.'),
A7: Gafftopsail Catfish | B7: Brackish | C7: Catfish | D7: Uncommon | E7: 210 | F7: 1.2 | G7: 5 | H7: 12 | I7: 70 | J7: The gafftopsail catfish is blue-grey to dark brown with a light grey belly. Its appearance is typical for a catfish except for the deeply forked tail and the venomous, serrated spines. | K7: Tidehaven | L7: Summer, Autumn | M7: Ægir Fjord | N7: {=_xlfn.IFS(B7="Freshwater",1,B7="Brackish",2,B7="Seawater",3)} -> 2 | O7: {=_xlfn.IFS(D7="Common",1,D7="Uncommon",2,D7="Rare",3,D7="Legendary",4,D7="Mythical",5,D7="Event",6)} -> 2 | P7: =_xlfn.CONCAT("('",A7,"',",N7,",",O7,",",E7,",",F7,",",G7,",",H7,",",I7,",","'",J7,"'),") -> ('Gafftopsail Catfish',2,2,210,1.2,5,12,70,'The gafftopsail catfish is blue-grey to dark brown with a light grey belly. Its appearance is typical for a catfish except for the deeply forked tail and the venomous, serrated spines.'),
A8: Green Chromide | B8: Brackish | C8: Cichlid | D8: Common | E8: 850 | F8: 0.1 | G8: 2 | H8: 7.5 | I8: 40 | J8: It eats mainly aquatic plants, including filamentous algae and diatoms, but it consumes the occasional mollusk and other animal matter. | K8: Rosegleam, Tidehaven | L8: Spring, Autumn | M8: Ægir Fjord | N8: {=_xlfn.IFS(B8="Freshwater",1,B8="Brackish",2,B8="Seawater",3)} -> 2 | O8: {=_xlfn.IFS(D8="Common",1,D8="Uncommon",2,D8="Rare",3,D8="Legendary",4,D8="Mythical",5,D8="Event",6)} -> 1 | P8: =_xlfn.CONCAT("('",A8,"',",N8,",",O8,",",E8,",",F8,",",G8,",",H8,",",I8,",","'",J8,"'),") -> ('Green Chromide',2,1,850,0.1,2,7.5,40,'It eats mainly aquatic plants, including filamentous algae and diatoms, but it consumes the occasional mollusk and other animal matter.'),
A9: Orange Chromide | B9: Brackish | C9: Cichlid | D9: Uncommon | E9: 300 | F9: 0.1 | G9: 0.3 | H9: 2 | I9: 10 | J9: A vivid orange cichlid that thrives in brackish lagoons and estuaries, where it grazes on algae and hunts tiny aquatic creatures among submerged vegetation. | K9: All | L9: Spring, Summer | M9: Purba Mangrove, Ægir Fjord, Evrys Estuary, Seribu Arus Estuary | N9: {=_xlfn.IFS(B9="Freshwater",1,B9="Brackish",2,B9="Seawater",3)} -> 2 | O9: {=_xlfn.IFS(D9="Common",1,D9="Uncommon",2,D9="Rare",3,D9="Legendary",4,D9="Mythical",5,D9="Event",6)} -> 2 | P9: =_xlfn.CONCAT("('",A9,"',",N9,",",O9,",",E9,",",F9,",",G9,",",H9,",",I9,",","'",J9,"'),") -> ('Orange Chromide',2,2,300,0.1,0.3,2,10,'A vivid orange cichlid that thrives in brackish lagoons and estuaries, where it grazes on algae and hunts tiny aquatic creatures among submerged vegetation.'),
A10: Blue Tilapia | B10: Brackish | C10: Cichlid | D10: Common | E10: 600 | F10: 0.5 | G10: 5 | H10: 9 | I10: 55 | J10: It grazes on algae and aquatic vegetation while readily adapting to new habitats, making it both abundant and highly resilient. | K10: Rosegleam, Tidehaven | L10: Spring, Autumn | M10: Ægir Fjord | N10: {=_xlfn.IFS(B10="Freshwater",1,B10="Brackish",2,B10="Seawater",3)} -> 2 | O10: {=_xlfn.IFS(D10="Common",1,D10="Uncommon",2,D10="Rare",3,D10="Legendary",4,D10="Mythical",5,D10="Event",6)} -> 1 | P10: =_xlfn.CONCAT("('",A10,"',",N10,",",O10,",",E10,",",F10,",",G10,",",H10,",",I10,",","'",J10,"'),") -> ('Blue Tilapia',2,1,600,0.5,5,9,55,'It grazes on algae and aquatic vegetation while readily adapting to new habitats, making it both abundant and highly resilient.'),
A11: Black Tilapia | B11: Brackish | C11: Cichlid | D11: Common | E11: 550 | F11: 0.7 | G11: 3.2 | H11: 7 | I11: 50 | J11: The most common tilapia in Endral, it has a long upper fins, the front part of which have spines. | K11: Ourea, Seran | L11: Summer, Monsoon | M11: Purba Mangrove, Evrys Estuary | N11: {=_xlfn.IFS(B11="Freshwater",1,B11="Brackish",2,B11="Seawater",3)} -> 2 | O11: {=_xlfn.IFS(D11="Common",1,D11="Uncommon",2,D11="Rare",3,D11="Legendary",4,D11="Mythical",5,D11="Event",6)} -> 1 | P11: =_xlfn.CONCAT("('",A11,"',",N11,",",O11,",",E11,",",F11,",",G11,",",H11,",",I11,",","'",J11,"'),") -> ('Black Tilapia',2,1,550,0.7,3.2,7,50,'The most common tilapia in Endral, it has a long upper fins, the front part of which have spines.'),
A12: Hogchoker | B12: Brackish | C12: Flatfish | D12: Common | E12: 650 | F12: 0.1 | G12: 0.5 | H12: 5 | I12: 28 | J12: The overall body of this fish color is often broken by a series of spots and thin stripes, which can be lighter or darker than the main body color. | K12: Seran, Rosegleam | L12: Dry, Summer, Autumn | M12: Seribu Arus Estuary | N12: {=_xlfn.IFS(B12="Freshwater",1,B12="Brackish",2,B12="Seawater",3)} -> 2 | O12: {=_xlfn.IFS(D12="Common",1,D12="Uncommon",2,D12="Rare",3,D12="Legendary",4,D12="Mythical",5,D12="Event",6)} -> 1 | P12: =_xlfn.CONCAT("('",A12,"',",N12,",",O12,",",E12,",",F12,",",G12,",",H12,",",I12,",","'",J12,"'),") -> ('Hogchoker',2,1,650,0.1,0.5,5,28,'The overall body of this fish color is often broken by a series of spots and thin stripes, which can be lighter or darker than the main body color.'),
A13: Four-eyed Fish | B13: Brackish | C13: Four Eyed | D13: Uncommon | E13: 320 | F13: 0.1 | G13: 1 | H13: 5 | I13: 30 | J13: Four-eyed fish have only two eyes, but the eyes are specially adapted for their surface-dwelling lifestyle. | K13: Seran, Tidehaven | L13: Dry, Summer, Autumn | M13: Ægir Fjord, Seribu Arus Estuary | N13: {=_xlfn.IFS(B13="Freshwater",1,B13="Brackish",2,B13="Seawater",3)} -> 2 | O13: {=_xlfn.IFS(D13="Common",1,D13="Uncommon",2,D13="Rare",3,D13="Legendary",4,D13="Mythical",5,D13="Event",6)} -> 2 | P13: =_xlfn.CONCAT("('",A13,"',",N13,",",O13,",",E13,",",F13,",",G13,",",H13,",",I13,",","'",J13,"'),") -> ('Four-eyed Fish',2,2,320,0.1,1,5,30,'Four-eyed fish have only two eyes, but the eyes are specially adapted for their surface-dwelling lifestyle.'),
A14: Giant Mudskipper | B14: Brackish | C14: Goby | D14: Common | E14: 650 | F14: 0.1 | G14: 1 | H14: 5 | I14: 28.5 | J14: A giant amphibious goby that prowls muddy shores and mangrove forests, skillfully walking on land and leaping between tidal pools in search of prey | K14: Seran | L14: Dry | M14: Purba Mangrove, Seribu Arus Estuary | N14: {=_xlfn.IFS(B14="Freshwater",1,B14="Brackish",2,B14="Seawater",3)} -> 2 | O14: {=_xlfn.IFS(D14="Common",1,D14="Uncommon",2,D14="Rare",3,D14="Legendary",4,D14="Mythical",5,D14="Event",6)} -> 1 | P14: =_xlfn.CONCAT("('",A14,"',",N14,",",O14,",",E14,",",F14,",",G14,",",H14,",",I14,",","'",J14,"'),") -> ('Giant Mudskipper',2,1,650,0.1,1,5,28.5,'A giant amphibious goby that prowls muddy shores and mangrove forests, skillfully walking on land and leaping between tidal pools in search of prey'),
A15: Dragon Goby | B15: Brackish | C15: Goby | D15: Rare | E15: 100 | F15: 0.1 | G15: 0.5 | H15: 8 | I15: 61 | J15: Dragon Goby is said to be a baby water dragon in its infancy. This fish has a long, slender, eel-like body. | K15: Seran | L15: Monsoon | M15: Seribu Arus Estuary | N15: {=_xlfn.IFS(B15="Freshwater",1,B15="Brackish",2,B15="Seawater",3)} -> 2 | O15: {=_xlfn.IFS(D15="Common",1,D15="Uncommon",2,D15="Rare",3,D15="Legendary",4,D15="Mythical",5,D15="Event",6)} -> 3 | P15: =_xlfn.CONCAT("('",A15,"',",N15,",",O15,",",E15,",",F15,",",G15,",",H15,",",I15,",","'",J15,"'),") -> ('Dragon Goby',2,3,100,0.1,0.5,8,61,'Dragon Goby is said to be a baby water dragon in its infancy. This fish has a long, slender, eel-like body.'),
A16: Knight Goby | B16: Brackish | C16: Goby | D16: Uncommon | E16: 251 | F16: 0.1 | G16: 1 | H16: 1 | I16: 9 | J16: This goby has a speckled pattern and an armored look reminiscent of a chainmal worn by a knight. | K16: Seran, Tidehaven | L16: Dry, Autumn | M16: Purba mangrove, Ægir Fjord, Seribu Arus Estuary | N16: {=_xlfn.IFS(B16="Freshwater",1,B16="Brackish",2,B16="Seawater",3)} -> 2 | O16: {=_xlfn.IFS(D16="Common",1,D16="Uncommon",2,D16="Rare",3,D16="Legendary",4,D16="Mythical",5,D16="Event",6)} -> 2 | P16: =_xlfn.CONCAT("('",A16,"',",N16,",",O16,",",E16,",",F16,",",G16,",",H16,",",I16,",","'",J16,"'),") -> ('Knight Goby',2,2,251,0.1,1,1,9,'This goby has a speckled pattern and an armored look reminiscent of a chainmal worn by a knight.'),
A17: Bumblebee Goby | B17: Brackish | C17: Goby | D17: Rare | E17: 111 | F17: 0.1 | G17: 1 | H17: 1 | I17: 4 | J17: A miniature goby known for its bold yellow-and-black stripes. Despite its small size, it is an active predator that patrols muddy bottoms and dense vegetation in search of tiny prey. | K17: Seran, Rosegleam, Tidehaven | L17: Dry, Autumn | M17: Purba mangrove, Ægir Fjord | N17: {=_xlfn.IFS(B17="Freshwater",1,B17="Brackish",2,B17="Seawater",3)} -> 2 | O17: {=_xlfn.IFS(D17="Common",1,D17="Uncommon",2,D17="Rare",3,D17="Legendary",4,D17="Mythical",5,D17="Event",6)} -> 3 | P17: =_xlfn.CONCAT("('",A17,"',",N17,",",O17,",",E17,",",F17,",",G17,",",H17,",",I17,",","'",J17,"'),") -> ('Bumblebee Goby',2,3,111,0.1,1,1,4,'A miniature goby known for its bold yellow-and-black stripes. Despite its small size, it is an active predator that patrols muddy bottoms and dense vegetation in search of tiny prey.'),
A18: Marble Goby | B18: Brackish | C18: Goby | D18: Uncommon | E18: 300 | F18: 1 | G18: 7.5 | H18: 10 | I18: 65 | J18: It is a highly popular fish among rich families, said to be best eaten after a childbirth or Chirurgy. | K18: Rosegleam, Tidehaven | L18: Autumn, Winter | M18: Ægir Fjord | N18: {=_xlfn.IFS(B18="Freshwater",1,B18="Brackish",2,B18="Seawater",3)} -> 2 | O18: {=_xlfn.IFS(D18="Common",1,D18="Uncommon",2,D18="Rare",3,D18="Legendary",4,D18="Mythical",5,D18="Event",6)} -> 2 | P18: =_xlfn.CONCAT("('",A18,"',",N18,",",O18,",",E18,",",F18,",",G18,",",H18,",",I18,",","'",J18,"'),") -> ('Marble Goby',2,2,300,1,7.5,10,65,'It is a highly popular fish among rich families, said to be best eaten after a childbirth or Chirurgy.'),
A19: Wrestling Halfbeak | B19: Brackish | C19: Halfbeak | D19: Common | E19: 630 | F19: 0.1 | G19: 0.3 | H19: 1.2 | I19: 8 | J19: Wrestling halfbeaks are surface-feeding fish and feed on a variety of small invertebrates, including crustaceans and insect larvae. | K19: Seran, Tidehaven | L19: Dry, Autumn | M19: Purba mangrove, Ægir Fjord, Seribu Arus Estuary | N19: {=_xlfn.IFS(B19="Freshwater",1,B19="Brackish",2,B19="Seawater",3)} -> 2 | O19: {=_xlfn.IFS(D19="Common",1,D19="Uncommon",2,D19="Rare",3,D19="Legendary",4,D19="Mythical",5,D19="Event",6)} -> 1 | P19: =_xlfn.CONCAT("('",A19,"',",N19,",",O19,",",E19,",",F19,",",G19,",",H19,",",I19,",","'",J19,"'),") -> ('Wrestling Halfbeak',2,1,630,0.1,0.3,1.2,8,'Wrestling halfbeaks are surface-feeding fish and feed on a variety of small invertebrates, including crustaceans and insect larvae.'),
A20: Milkfish | B20: Brackish | C20: Milkfish | D20: Common | E20: 625 | F20: 1.2 | G20: 20 | H20: 90 | I20: 180 | J20: The milkfish is an important seafood in Seran and some Ourea places. This fish is infamous for being much bonier than other food fishes. | K20: Ourea, Seran | L20: Summer, Monsoon | M20: Evrys Estuary, Seribu Arus Estuary | N20: {=_xlfn.IFS(B20="Freshwater",1,B20="Brackish",2,B20="Seawater",3)} -> 2 | O20: {=_xlfn.IFS(D20="Common",1,D20="Uncommon",2,D20="Rare",3,D20="Legendary",4,D20="Mythical",5,D20="Event",6)} -> 1 | P20: =_xlfn.CONCAT("('",A20,"',",N20,",",O20,",",E20,",",F20,",",G20,",",H20,",",I20,",","'",J20,"'),") -> ('Milkfish',2,1,625,1.2,20,90,180,'The milkfish is an important seafood in Seran and some Ourea places. This fish is infamous for being much bonier than other food fishes.'),
A21: Tidehaven Moony | B21: Brackish | C21: Moony | D21: Common | E21: 555 | F21: 0.1 | G21: 1 | H21: 7 | I21: 25 | J21: A silvery schooling fish with a diamond-shaped body and striking black markings native to Tidehaven water. | K21: Tidehaven | L21: Autumn | M21: Ægir Fjord | N21: {=_xlfn.IFS(B21="Freshwater",1,B21="Brackish",2,B21="Seawater",3)} -> 2 | O21: {=_xlfn.IFS(D21="Common",1,D21="Uncommon",2,D21="Rare",3,D21="Legendary",4,D21="Mythical",5,D21="Event",6)} -> 1 | P21: =_xlfn.CONCAT("('",A21,"',",N21,",",O21,",",E21,",",F21,",",G21,",",H21,",",I21,",","'",J21,"'),") -> ('Tidehaven Moony',2,1,555,0.1,1,7,25,'A silvery schooling fish with a diamond-shaped body and striking black markings native to Tidehaven water.'),
A22: Silver Moony | B22: Brackish | C22: Moony | D22: Common | E22: 800 | F22: 0.1 | G22: 1 | H22: 4 | I22: 27 | J22: This fish has a bright, shiny silver color with yellowish edges to the fins, and the upper and anal fins have black tips. | K22: All | L22: Spring, Autumn | M22: Purba mangrove, Ægir Fjord, Evrys Estuary, Seribu Arus Estuary | N22: {=_xlfn.IFS(B22="Freshwater",1,B22="Brackish",2,B22="Seawater",3)} -> 2 | O22: {=_xlfn.IFS(D22="Common",1,D22="Uncommon",2,D22="Rare",3,D22="Legendary",4,D22="Mythical",5,D22="Event",6)} -> 1 | P22: =_xlfn.CONCAT("('",A22,"',",N22,",",O22,",",E22,",",F22,",",G22,",",H22,",",I22,",","'",J22,"'),") -> ('Silver Moony',2,1,800,0.1,1,4,27,'This fish has a bright, shiny silver color with yellowish edges to the fins, and the upper and anal fins have black tips.'),
A23: Striped Mullet | B23: Brackish | C23: Mullet | D23: Common | E23: 615 | F23: 1.1 | G23: 8 | H23: 30 | I23: 100 | J23: The back of the fish is olive-green, sides are silvery and shade to white towards the belly. | K23: Rosegleam, Tidehaven | L23: Summer, Autumn | M23: Ægir Fjord | N23: {=_xlfn.IFS(B23="Freshwater",1,B23="Brackish",2,B23="Seawater",3)} -> 2 | O23: {=_xlfn.IFS(D23="Common",1,D23="Uncommon",2,D23="Rare",3,D23="Legendary",4,D23="Mythical",5,D23="Event",6)} -> 1 | P23: =_xlfn.CONCAT("('",A23,"',",N23,",",O23,",",E23,",",F23,",",G23,",",H23,",",I23,",","'",J23,"'),") -> ('Striped Mullet',2,1,615,1.1,8,30,100,'The back of the fish is olive-green, sides are silvery and shade to white towards the belly.'),
A24: Needlefish | B24: Brackish | C24: Needlefish | D24: Common | E24: 800 | F24: 0.1 | G24: 0.5 | H24: 3 | I24: 30 | J24: Needlefish are slender and have a single upper fin. Their most distinctive feature is their long, narrow beak, which bears multiple sharp teeth. | K24: All | L24: Spring, Monsoon | M24: Purba mangrove, Ægir Fjord, Evrys Estuary, Seribu Arus Estuary | N24: {=_xlfn.IFS(B24="Freshwater",1,B24="Brackish",2,B24="Seawater",3)} -> 2 | O24: {=_xlfn.IFS(D24="Common",1,D24="Uncommon",2,D24="Rare",3,D24="Legendary",4,D24="Mythical",5,D24="Event",6)} -> 1 | P24: =_xlfn.CONCAT("('",A24,"',",N24,",",O24,",",E24,",",F24,",",G24,",",H24,",",I24,",","'",J24,"'),") -> ('Needlefish',2,1,800,0.1,0.5,3,30,'Needlefish are slender and have a single upper fin. Their most distinctive feature is their long, narrow beak, which bears multiple sharp teeth.'),
A25: Mangrove Jack | B25: Brackish | C25: Snapper | D25: Common | E25: 585 | F25: 2.3 | G25: 13.5 | H25: 60 | I25: 150 | J25: Coloration of the Mangrove Jack ranges from burnt orange to copper, to bronze, and dark reddish-brown, depending on its age and environment. | K25: Ourea, Seran | L25: Autumn, Dry | M25: Purba Mangrove, Evrys Estuary | N25: {=_xlfn.IFS(B25="Freshwater",1,B25="Brackish",2,B25="Seawater",3)} -> 2 | O25: {=_xlfn.IFS(D25="Common",1,D25="Uncommon",2,D25="Rare",3,D25="Legendary",4,D25="Mythical",5,D25="Event",6)} -> 1 | P25: =_xlfn.CONCAT("('",A25,"',",N25,",",O25,",",E25,",",F25,",",G25,",",H25,",",I25,",","'",J25,"'),") -> ('Mangrove Jack',2,1,585,2.3,13.5,60,150,'Coloration of the Mangrove Jack ranges from burnt orange to copper, to bronze, and dark reddish-brown, depending on its age and environment.'),
A26: Common Bream | B26: Freshwater | C26: Bream | D26: Common | E26: 950 | F26: 4 | G26: 11 | H26: 30 | I26: 86 | J26: Common bream have a black fins and silver color in young bream that turn bronze when its got older | K26: All | L26: Spring, Summer | M26: Vasikos Pond, Astrafteri Lake, Prasinos Creek, Telma Swamp, Evrys River, Iremia River, Saint Luke Pond, Prince Kaiden Reservoir, Merman Marsh, Sofia River, Kaca Lake, Seribu Arus River, Mentari Pond, Seroja Marsh, Mikil Hvitar Lake, Ormr River, Freyja River, Reyr Marsh | N26: {=_xlfn.IFS(B26="Freshwater",1,B26="Brackish",2,B26="Seawater",3)} -> 1 | O26: {=_xlfn.IFS(D26="Common",1,D26="Uncommon",2,D26="Rare",3,D26="Legendary",4,D26="Mythical",5,D26="Event",6)} -> 1 | P26: =_xlfn.CONCAT("('",A26,"',",N26,",",O26,",",E26,",",F26,",",G26,",",H26,",",I26,",","'",J26,"'),") -> ('Common Bream',1,1,950,4,11,30,86,'Common bream have a black fins and silver color in young bream that turn bronze when its got older'),
A27: White Bream | B27: Freshwater | C27: Bream | D27: Common | E27: 975 | F27: 0.25 | G27: 2 | H27: 5 | I27: 7 | J27: White Bream / Silver Bream generally inhabit the lower reaches of rivers as well as lakes and ponds with muddy bottoms and plenty of algae to feed on. | K27: All | L27: Summer, Autumn | M27: Astrafterí Lake, Telma Swamp, Evrys River, Iremia River, Prince Kaiden Reservoir, Merman Marsh, Wisp Swamp, Becket Cross Canal, Seribu Arus River, Seroja Marsh, Batu Kawah Lake, Mikil Hvitar Lake, Yrvir Swamp | N27: {=_xlfn.IFS(B27="Freshwater",1,B27="Brackish",2,B27="Seawater",3)} -> 1 | O27: {=_xlfn.IFS(D27="Common",1,D27="Uncommon",2,D27="Rare",3,D27="Legendary",4,D27="Mythical",5,D27="Event",6)} -> 1 | P27: =_xlfn.CONCAT("('",A27,"',",N27,",",O27,",",E27,",",F27,",",G27,",",H27,",",I27,",","'",J27,"'),") -> ('White Bream',1,1,975,0.25,2,5,7,'White Bream / Silver Bream generally inhabit the lower reaches of rivers as well as lakes and ponds with muddy bottoms and plenty of algae to feed on.'),
A28: Vimba Bream | B28: Freshwater | C28: Bream | D28: Common | E28: 800 | F28: 1 | G28: 2 | H28: 20 | I28: 50 | J28: This fish is a deep bluish-green on the upper surface, and silvery along the flanks. The eyes are yellow, and the pectoral and pelvic fins have reddish-yellow bases. | K28: Rosegleam, Tidehaven | L28: Spring, Summer | M28: Prince Kaiden Reservoir, Merman Marsh, Wisp Swamp, Becket Cross Canal, Ormr River, Freyja River, Jotunn Cave, Reyr Marsh, Yrvir Swamp | N28: {=_xlfn.IFS(B28="Freshwater",1,B28="Brackish",2,B28="Seawater",3)} -> 1 | O28: {=_xlfn.IFS(D28="Common",1,D28="Uncommon",2,D28="Rare",3,D28="Legendary",4,D28="Mythical",5,D28="Event",6)} -> 1 | P28: =_xlfn.CONCAT("('",A28,"',",N28,",",O28,",",E28,",",F28,",",G28,",",H28,",",I28,",","'",J28,"'),") -> ('Vimba Bream',1,1,800,1,2,20,50,'This fish is a deep bluish-green on the upper surface, and silvery along the flanks. The eyes are yellow, and the pectoral and pelvic fins have reddish-yellow bases.'),
A29: Blue Bream | B29: Freshwater | C29: Bream | D29: Uncommon | E29: 300 | F29: 1 | G29: 3 | H29: 25 | I29: 55 | J29: A sleek silver-blue fish that travels in large schools through deep rivers and lakes, feeding on drifting insects and tiny aquatic prey. | K29: Ourea, Rosegleam | L29: Spring, Autumn | M29: Vasikos Pond, Prasinos Creek, Theikos Spring, Saint Luke Pond, Becket Cross Canal | N29: {=_xlfn.IFS(B29="Freshwater",1,B29="Brackish",2,B29="Seawater",3)} -> 1 | O29: {=_xlfn.IFS(D29="Common",1,D29="Uncommon",2,D29="Rare",3,D29="Legendary",4,D29="Mythical",5,D29="Event",6)} -> 2 | P29: =_xlfn.CONCAT("('",A29,"',",N29,",",O29,",",E29,",",F29,",",G29,",",H29,",",I29,",","'",J29,"'),") -> ('Blue Bream',1,2,300,1,3,25,55,'A sleek silver-blue fish that travels in large schools through deep rivers and lakes, feeding on drifting insects and tiny aquatic prey.'),
A30: Common Carp | B30: Freshwater | C30: Carp | D30: Common | E30: 1000 | F30: 5 | G30: 40 | H30: 40 | I30: 110 | J30: A common carp is a widespread freshwater fish that can be found on almost every freshwater habitat. | K30: All | L30: Spring, Autumn | M30: Vasiko Pond, Prasinos Creek,, Telma Swamp, Theikos Spring, Evrys River, Iremia River, Saint Luke Pond, Prince Kaiden Reservoir, Merman Marsh, Wisp Swamp, Sofia River, Kaca Lake, Seribu Arus River, Mentari Pond, Seroja Marsh, Batu Kawah Lake, Seroja Darah Swamp, Mikill Hvitar Lake, Ormr River, Freyja River, Reyr Marsh, Yrvir Swamp | N30: {=_xlfn.IFS(B30="Freshwater",1,B30="Brackish",2,B30="Seawater",3)} -> 1 | O30: {=_xlfn.IFS(D30="Common",1,D30="Uncommon",2,D30="Rare",3,D30="Legendary",4,D30="Mythical",5,D30="Event",6)} -> 1 | P30: =_xlfn.CONCAT("('",A30,"',",N30,",",O30,",",E30,",",F30,",",G30,",",H30,",",I30,",","'",J30,"'),") -> ('Common Carp',1,1,1000,5,40,40,110,'A common carp is a widespread freshwater fish that can be found on almost every freshwater habitat.'),
A31: Grass Carp | B31: Freshwater | C31: Carp | D31: Common | E31: 550 | F31: 5 | G31: 45 | H31: 20 | I31: 95 | J31: Grass Carp eggs require a long river to survive, and the eggs will be considered dead when they hit the bottom of the river. | K31: Seran | L31: Monsoon | M31: Kaca Lake, Seribu Arus River, Mentari Pond, Seroja Marsh, Seroja Darah Swamp | N31: {=_xlfn.IFS(B31="Freshwater",1,B31="Brackish",2,B31="Seawater",3)} -> 1 | O31: {=_xlfn.IFS(D31="Common",1,D31="Uncommon",2,D31="Rare",3,D31="Legendary",4,D31="Mythical",5,D31="Event",6)} -> 1 | P31: =_xlfn.CONCAT("('",A31,"',",N31,",",O31,",",E31,",",F31,",",G31,",",H31,",",I31,",","'",J31,"'),") -> ('Grass Carp',1,1,550,5,45,20,95,'Grass Carp eggs require a long river to survive, and the eggs will be considered dead when they hit the bottom of the river.'),
A32: Mud Carp | B32: Freshwater | C32: Carp | D32: Common | E32: 700 | F32: 2 | G32: 5 | H32: 20 | I32: 74 | J32: Mud Carp is considered to be inedible the first time people caught it, but after the great incident, this fish became popular. | K32: Seran, Rosegleam | L32: Dry, Summer, Autumn | M32: Mentari Pond, Seribu Arus River, Saint Luke Pond, Merman Marsh, Wisp Swamp, Sofia River | N32: {=_xlfn.IFS(B32="Freshwater",1,B32="Brackish",2,B32="Seawater",3)} -> 1 | O32: {=_xlfn.IFS(D32="Common",1,D32="Uncommon",2,D32="Rare",3,D32="Legendary",4,D32="Mythical",5,D32="Event",6)} -> 1 | P32: =_xlfn.CONCAT("('",A32,"',",N32,",",O32,",",E32,",",F32,",",G32,",",H32,",",I32,",","'",J32,"'),") -> ('Mud Carp',1,1,700,2,5,20,74,'Mud Carp is considered to be inedible the first time people caught it, but after the great incident, this fish became popular.'),
A33: Mrigal Carp | B33: Freshwater | C33: Carp | D33: Rare | E33: 100 | F33: 2 | G33: 13 | H33: 15 | I33: 100 | J33: This fish live in a lower water level and feeds on small insects and decomposed organic element. | K33: Seran | L33: Dry | M33: Kaca Lake, Seribu Arus River | N33: {=_xlfn.IFS(B33="Freshwater",1,B33="Brackish",2,B33="Seawater",3)} -> 1 | O33: {=_xlfn.IFS(D33="Common",1,D33="Uncommon",2,D33="Rare",3,D33="Legendary",4,D33="Mythical",5,D33="Event",6)} -> 3 | P33: =_xlfn.CONCAT("('",A33,"',",N33,",",O33,",",E33,",",F33,",",G33,",",H33,",",I33,",","'",J33,"'),") -> ('Mrigal Carp',1,3,100,2,13,15,100,'This fish live in a lower water level and feeds on small insects and decomposed organic element.'),
A34: Silver Carp | B34: Freshwater | C34: Carp | D34: Uncommon | E34: 350 | F34: 7 | G34: 50 | H34: 35 | I34: 105 | J34: A fast-growing filter feeder that cruises open freshwater, consuming microscopic plankton and occasionally leaping high above the surface when startled. | K34: Ourea | L34: Spring, Summer, Autumn | M34: Prasinos Creek, Telma Swamp, Evrys River | N34: {=_xlfn.IFS(B34="Freshwater",1,B34="Brackish",2,B34="Seawater",3)} -> 1 | O34: {=_xlfn.IFS(D34="Common",1,D34="Uncommon",2,D34="Rare",3,D34="Legendary",4,D34="Mythical",5,D34="Event",6)} -> 2 | P34: =_xlfn.CONCAT("('",A34,"',",N34,",",O34,",",E34,",",F34,",",G34,",",H34,",",I34,",","'",J34,"'),") -> ('Silver Carp',1,2,350,7,50,35,105,'A fast-growing filter feeder that cruises open freshwater, consuming microscopic plankton and occasionally leaping high above the surface when startled.'),
A35: Black Carp | B35: Freshwater | C35: Carp | D35: Uncommon | E35: 300 | F35: 6 | G35: 35 | H35: 60 | I35: 100 | J35: Black Carp are an elongated fish with a fusiform body. They have a dusky gray, brown, or even bluish black color on their body. | K35: Seran | L35: Monsoon | M35: Seribu Arus River, Mentari Pond, Seroja Marsh | N35: {=_xlfn.IFS(B35="Freshwater",1,B35="Brackish",2,B35="Seawater",3)} -> 1 | O35: {=_xlfn.IFS(D35="Common",1,D35="Uncommon",2,D35="Rare",3,D35="Legendary",4,D35="Mythical",5,D35="Event",6)} -> 2 | P35: =_xlfn.CONCAT("('",A35,"',",N35,",",O35,",",E35,",",F35,",",G35,",",H35,",",I35,",","'",J35,"'),") -> ('Black Carp',1,2,300,6,35,60,100,'Black Carp are an elongated fish with a fusiform body. They have a dusky gray, brown, or even bluish black color on their body.'),
A36: Bighead Carp | B36: Freshwater | C36: Carp | D36: Uncommon | E36: 350 | F36: 9 | G36: 54 | H36: 60 | I36: 146 | J36: The Bighead Carp has a large, scaleless head, a large mouth, and eyes that located very low on their head. | K36: Seran | L36: Dry | M36: Kaca Lake, Seroja Marsh, Batu Kawah Lake, Seroja Darah Swamp | N36: {=_xlfn.IFS(B36="Freshwater",1,B36="Brackish",2,B36="Seawater",3)} -> 1 | O36: {=_xlfn.IFS(D36="Common",1,D36="Uncommon",2,D36="Rare",3,D36="Legendary",4,D36="Mythical",5,D36="Event",6)} -> 2 | P36: =_xlfn.CONCAT("('",A36,"',",N36,",",O36,",",E36,",",F36,",",G36,",",H36,",",I36,",","'",J36,"'),") -> ('Bighead Carp',1,2,350,9,54,60,146,'The Bighead Carp has a large, scaleless head, a large mouth, and eyes that located very low on their head.'),
A37: Giant River Carp | B37: Freshwater | C37: Carp | D37: Uncommon | E37: 325 | F37: 10 | G37: 105 | H37: 30 | I37: 180 | J37: This carp usually lives in a large pond or lake, but seasonally find its way into the canal, reservoir and flooded forest. | K37: Rosegleam | L37: Summer, Autumn | M37: Sofia River | N37: {=_xlfn.IFS(B37="Freshwater",1,B37="Brackish",2,B37="Seawater",3)} -> 1 | O37: {=_xlfn.IFS(D37="Common",1,D37="Uncommon",2,D37="Rare",3,D37="Legendary",4,D37="Mythical",5,D37="Event",6)} -> 2 | P37: =_xlfn.CONCAT("('",A37,"',",N37,",",O37,",",E37,",",F37,",",G37,",",H37,",",I37,",","'",J37,"'),") -> ('Giant River Carp',1,2,325,10,105,30,180,'This carp usually lives in a large pond or lake, but seasonally find its way into the canal, reservoir and flooded forest.'),
A38: Gibel Carp | B38: Freshwater | C38: Carp | D38: Uncommon | E38: 220 | F38: 2 | G38: 5 | H38: 10 | I38: 35 | J38: Gibel Carp reproduce and spread so rapidly that it is said that it can fill an entire medium-sized pond in its species alone. | K38: Tidehaven | L38: Spring, Autumn | M38: Mikill Hvitar Lake, Ormr River, Freyja River | N38: {=_xlfn.IFS(B38="Freshwater",1,B38="Brackish",2,B38="Seawater",3)} -> 1 | O38: {=_xlfn.IFS(D38="Common",1,D38="Uncommon",2,D38="Rare",3,D38="Legendary",4,D38="Mythical",5,D38="Event",6)} -> 2 | P38: =_xlfn.CONCAT("('",A38,"',",N38,",",O38,",",E38,",",F38,",",G38,",",H38,",",I38,",","'",J38,"'),") -> ('Gibel Carp',1,2,220,2,5,10,35,'Gibel Carp reproduce and spread so rapidly that it is said that it can fill an entire medium-sized pond in its species alone.'),
A39: Crucian Carp | B39: Freshwater | C39: Carp | D39: Uncommon | E39: 210 | F39: 1 | G39: 3 | H39: 15 | I39: 64 | J39: This fish mainly lived in nutrient-rich water, but it can also lived in an extreme condition and harsh winter. | K39: Tidehaven | L39: Autumn, Winter | M39: Jotunn Cave, Reyr Marsh, Yrvir Swamp | N39: {=_xlfn.IFS(B39="Freshwater",1,B39="Brackish",2,B39="Seawater",3)} -> 1 | O39: {=_xlfn.IFS(D39="Common",1,D39="Uncommon",2,D39="Rare",3,D39="Legendary",4,D39="Mythical",5,D39="Event",6)} -> 2 | P39: =_xlfn.CONCAT("('",A39,"',",N39,",",O39,",",E39,",",F39,",",G39,",",H39,",",I39,",","'",J39,"'),") -> ('Crucian Carp',1,2,210,1,3,15,64,'This fish mainly lived in nutrient-rich water, but it can also lived in an extreme condition and harsh winter.'),
... A42: Blue Catfish | B42: Freshwater | C42: Catfish | D42: Uncommon | E42: 201 | F42: 9 | G42: 65 | H42: 31 | I42: 180 | J42: Blue Catfish are often misidentified as Channel Catfish, the difference are the heavy bodied, blueish gray in color, and a upper hump. | K42: Ourea, Tidehaven | L42: Summer | M42: Prasinos Creek, Telma Swamp, Evrys River | N42: {=_xlfn.IFS(B42="Freshwater",1,B42="Brackish",2,B42="Seawater",3)} -> 1 | O42: {=_xlfn.IFS(D42="Common",1,D42="Uncommon",2,D42="Rare",3,D42="Legendary",4,D42="Mythical",5,D42="Event",6)} -> 2 | P42: =_xlfn.CONCAT("('",A42,"',",N42,",",O42,",",E42,",",F42,",",G42,",",H42,",",I42,",","'",J42,"'),") -> ('Blue Catfish',1,2,201,9,65,31,180,'Blue Catfish are often misidentified as Channel Catfish, the difference are the heavy bodied, blueish gray in color, and a upper hump.'),
A43: Flathead Catfish | B43: Freshwater | C43: Catfish | D43: Uncommon | E43: 400 | F43: 8.5 | G43: 56 | H43: 32 | I43: 175 | J43: An ambush predator lurking beneath logs and rocks until unsuspecting prey fish get close. | K43: Seran, Rosegleam | L43: Monsoon, Summer, Autumn | M43: Merman Marsh, Wisp Swamp, Seribu Arus River | N43: {=_xlfn.IFS(B43="Freshwater",1,B43="Brackish",2,B43="Seawater",3)} -> 1 | O43: {=_xlfn.IFS(D43="Common",1,D43="Uncommon",2,D43="Rare",3,D43="Legendary",4,D43="Mythical",5,D43="Event",6)} -> 2 | P43: =_xlfn.CONCAT("('",A43,"',",N43,",",O43,",",E43,",",F43,",",G43,",",H43,",",I43,",","'",J43,"'),") -> ('Flathead Catfish',1,2,400,8.5,56,32,175,'An ambush predator lurking beneath logs and rocks until unsuspecting prey fish get close.'),
A44: Walking Catfish | B44: Freshwater | C44: Catfish | D44: Uncommon | E44: 390 | F44: 7.2 | G44: 30 | H44: 25 | I44: 100 | J44: When the river dried out, this fish would "walk" around the river in wiggling motion to traverse the land. | K44: Seran | L44: Monsoon | M44: Seroja Marsh, Seroja Darah Swamp | N44: {=_xlfn.IFS(B44="Freshwater",1,B44="Brackish",2,B44="Seawater",3)} -> 1 | O44: {=_xlfn.IFS(D44="Common",1,D44="Uncommon",2,D44="Rare",3,D44="Legendary",4,D44="Mythical",5,D44="Event",6)} -> 2 | P44: =_xlfn.CONCAT("('",A44,"',",N44,",",O44,",",E44,",",F44,",",G44,",",H44,",",I44,",","'",J44,"'),") -> ('Walking Catfish',1,2,390,7.2,30,25,100,'When the river dried out, this fish would "walk" around the river in wiggling motion to traverse the land.'),
A45: Redtail Catfish | B45: Freshwater | C45: Catfish | D45: Uncommon | E45: 250 | F45: 20 | G45: 80 | H45: 23 | I45: 180 | J45: These colorful large catfishes have a brownish back, with yellow sides, and characteristic orange-red upper fin and caudal fin | K45: Rosegleam | L45: Summer | M45: Merman Marsh, Wisp Swamp, Sofia River | N45: {=_xlfn.IFS(B45="Freshwater",1,B45="Brackish",2,B45="Seawater",3)} -> 1 | O45: {=_xlfn.IFS(D45="Common",1,D45="Uncommon",2,D45="Rare",3,D45="Legendary",4,D45="Mythical",5,D45="Event",6)} -> 2 | P45: =_xlfn.CONCAT("('",A45,"',",N45,",",O45,",",E45,",",F45,",",G45,",",H45,",",I45,",","'",J45,"'),") -> ('Redtail Catfish',1,2,250,20,80,23,180,'These colorful large catfishes have a brownish back, with yellow sides, and characteristic orange-red upper fin and caudal fin'),
A46: Alligator Gar | B46: Freshwater | C46: Gar | D46: Uncommon | E46: 300 | F46: 25 | G46: 150 | H46: 75 | I46: 250 | J46: The body of an alligator gar is torpedo-shaped, usually brown or olive colored, and occasionally black, fading to a lighter gray or yellow ventral surface. | K46: Ourea, Rosegleam | L46: Summer, Autumn | M46: Telma Swamp, Evrys River, Wisp Swamp, Sofia River | N46: {=_xlfn.IFS(B46="Freshwater",1,B46="Brackish",2,B46="Seawater",3)} -> 1 | O46: {=_xlfn.IFS(D46="Common",1,D46="Uncommon",2,D46="Rare",3,D46="Legendary",4,D46="Mythical",5,D46="Event",6)} -> 2 | P46: =_xlfn.CONCAT("('",A46,"',",N46,",",O46,",",E46,",",F46,",",G46,",",H46,",",I46,",","'",J46,"'),") -> ('Alligator Gar',1,2,300,25,150,75,250,'The body of an alligator gar is torpedo-shaped, usually brown or olive colored, and occasionally black, fading to a lighter gray or yellow ventral surface.'),
A47: Walleye | B47: Freshwater | C47: Perch | D47: Common | E47: 625 | F47: 1.2 | G47: 9 | H47: 12.5 | I47: 80 | J47: Walleyes are largely olive and gold in color. The upper side of a walleye is olive, grading into a golden hue on the flanks. | K47: All | L47: Summer, Monsoon | M47: Astrafteri Lake, Prince Kaiden Reservoir, Kaca Lake, Batu Kawah Lake, Mikill Hvitar Lake | N47: {=_xlfn.IFS(B47="Freshwater",1,B47="Brackish",2,B47="Seawater",3)} -> 1 | O47: {=_xlfn.IFS(D47="Common",1,D47="Uncommon",2,D47="Rare",3,D47="Legendary",4,D47="Mythical",5,D47="Event",6)} -> 1 | P47: =_xlfn.CONCAT("('",A47,"',",N47,",",O47,",",E47,",",F47,",",G47,",",H47,",",I47,",","'",J47,"'),") -> ('Walleye',1,1,625,1.2,9,12.5,80,'Walleyes are largely olive and gold in color. The upper side of a walleye is olive, grading into a golden hue on the flanks.'),
A48: Sauger | B48: Freshwater | C48: Perch | D48: Common | E48: 660 | F48: 0.9 | G48: 4 | H48: 10.5 | I48: 56 | J48: Saugers generally move upstream to spawn during Autumn, depending on where they are. They move downstream to their home locations from Summer after their spawning period is over. | K48: Rosegleam, Tidehaven | L48: Autumn, Winter | M48: Saint Luke Pond, Prince Kaiden Rservoir, Sofia River, Mikill Hvitar Lake, Freyja River, Jotunn Cave, Yrvir Swamp | N48: {=_xlfn.IFS(B48="Freshwater",1,B48="Brackish",2,B48="Seawater",3)} -> 1 | O48: {=_xlfn.IFS(D48="Common",1,D48="Uncommon",2,D48="Rare",3,D48="Legendary",4,D48="Mythical",5,D48="Event",6)} -> 1 | P48: =_xlfn.CONCAT("('",A48,"',",N48,",",O48,",",E48,",",F48,",",G48,",",H48,",",I48,",","'",J48,"'),") -> ('Sauger',1,1,660,0.9,4,10.5,56,'Saugers generally move upstream to spawn during Autumn, depending on where they are. They move downstream to their home locations from Summer after their spawning period is over.'),
A49: Yellow Perch | B49: Freshwater | C49: Perch | D49: Common | E49: 425 | F49: 0.5 | G49: 2 | H49: 10.2 | I49: 50 | J49: The yellow perch has an elongate, laterally compressed body with a subterminal mouth and a relatively long but blunt snout, which is surpassed in length by the lower jaw. | K49: Ourea, Tidehaven | L49: Spring, Autumn | M49: Astrafteri Lake, Telma Swamp, Theikos Spring, Ormr River, Freyja River, Reyr Marsh, Yrvir Swamp | N49: {=_xlfn.IFS(B49="Freshwater",1,B49="Brackish",2,B49="Seawater",3)} -> 1 | O49: {=_xlfn.IFS(D49="Common",1,D49="Uncommon",2,D49="Rare",3,D49="Legendary",4,D49="Mythical",5,D49="Event",6)} -> 1 | P49: =_xlfn.CONCAT("('",A49,"',",N49,",",O49,",",E49,",",F49,",",G49,",",H49,",",I49,",","'",J49,"'),") -> ('Yellow Perch',1,1,425,0.5,2,10.2,50,'The yellow perch has an elongate, laterally compressed body with a subterminal mouth and a relatively long but blunt snout, which is surpassed in length by the lower jaw.'),
A50: Pikeperch | B50: Freshwater | C50: Perch | D50: Uncommon | E50: 275 | F50: 1.2 | G50: 15 | H50: 25 | I50: 100 | J50: The Pikeperch is the largest member of the perch family. The upper part of its body is green-brown in colour, and this extends onto the sides as dark vertical bars. | K50: Seran, Rosegleam | L50: Dry, Summer, Autumn | M50: Saint Luke Pond, Prince Kaiden Reservoir, Mentari Pond, Batu Kawah Lake | N50: {=_xlfn.IFS(B50="Freshwater",1,B50="Brackish",2,B50="Seawater",3)} -> 1 | O50: {=_xlfn.IFS(D50="Common",1,D50="Uncommon",2,D50="Rare",3,D50="Legendary",4,D50="Mythical",5,D50="Event",6)} -> 2 | P50: =_xlfn.CONCAT("('",A50,"',",N50,",",O50,",",E50,",",F50,",",G50,",",H50,",",I50,",","'",J50,"'),") -> ('Pikeperch',1,2,275,1.2,15,25,100,'The Pikeperch is the largest member of the perch family. The upper part of its body is green-brown in colour, and this extends onto the sides as dark vertical bars.'),
A51: Ruffe | B51: Freshwater | C51: Perch | D51: Uncommon | E51: 300 | F51: 0.1 | G51: 0.2 | H51: 5.2 | I51: 25 | J51: It is a very aggressive fish for its size. The ruffe also has a large, spiny upper fin which is likely distasteful to its predators | K51: Rosegleam | L51: Summer, Winter | M51: Prince Kaiden Reservoir, Becket Cross Canal | N51: {=_xlfn.IFS(B51="Freshwater",1,B51="Brackish",2,B51="Seawater",3)} -> 1 | O51: {=_xlfn.IFS(D51="Common",1,D51="Uncommon",2,D51="Rare",3,D51="Legendary",4,D51="Mythical",5,D51="Event",6)} -> 2 | P51: =_xlfn.CONCAT("('",A51,"',",N51,",",O51,",",E51,",",F51,",",G51,",",H51,",",I51,",","'",J51,"'),") -> ('Ruffe',1,2,300,0.1,0.2,5.2,25,'It is a very aggressive fish for its size. The ruffe also has a large, spiny upper fin which is likely distasteful to its predators'),
A52: Northern Pike | B52: Freshwater | C52: Pike | D52: Common | E52: 825 | F52: 10 | G52: 30 | H52: 30 | I52: 150 | J52: Northern pike are most often olive green, shading from yellow to white along the belly. The flank is marked with short, light bar-like spots and a few to many dark spots on the fins. | K52: All | L52: Spring, Monsoon | M52: Prasinos Creek, Theikos Spring, Wisp Swamp, Seribu Arus River, Ormr River, Freyja River | N52: {=_xlfn.IFS(B52="Freshwater",1,B52="Brackish",2,B52="Seawater",3)} -> 1 | O52: {=_xlfn.IFS(D52="Common",1,D52="Uncommon",2,D52="Rare",3,D52="Legendary",4,D52="Mythical",5,D52="Event",6)} -> 1 | P52: =_xlfn.CONCAT("('",A52,"',",N52,",",O52,",",E52,",",F52,",",G52,",",H52,",",I52,",","'",J52,"'),") -> ('Northern Pike',1,1,825,10,30,30,150,'Northern pike are most often olive green, shading from yellow to white along the belly. The flank is marked with short, light bar-like spots and a few to many dark spots on the fins.'),
A53: Southern Pike | B53: Freshwater | C53: Pike | D53: Common | E53: 725 | F53: 1.2 | G53: 4.5 | H53: 40 | I53: 79 | J53: The southern pike has a distinctive, dark, chain-like pattern on its greenish sides. There is a vertical dark marking underneath the eye | K53: All | L53: Summer, Monsoon | M53: Astrafteri Lake, Evrys River, Iremia River, Becket Cross Canal, Kaca Lake, Seribu Arus River, Seroja Marsh, Seroja Darah Swamp, Reyr Marsh | N53: {=_xlfn.IFS(B53="Freshwater",1,B53="Brackish",2,B53="Seawater",3)} -> 1 | O53: {=_xlfn.IFS(D53="Common",1,D53="Uncommon",2,D53="Rare",3,D53="Legendary",4,D53="Mythical",5,D53="Event",6)} -> 1 | P53: =_xlfn.CONCAT("('",A53,"',",N53,",",O53,",",E53,",",F53,",",G53,",",H53,",",I53,",","'",J53,"'),") -> ('Southern Pike',1,1,725,1.2,4.5,40,79,'The southern pike has a distinctive, dark, chain-like pattern on its greenish sides. There is a vertical dark marking underneath the eye'),
A54: Muskie | B54: Freshwater | C54: Pike | D54: Common | E54: 500 | F54: 5 | G54: 32 | H54: 45 | I54: 180 | J54: Muskies are the top predator in any body of water where they occur, and they will eat larger prey than most other freshwater fish. | K54: Rosegleam, Tidehaven | L54: Autumn | M54: Prince Kaiden Reservoir, Sofia River, Yrvir Swamp | N54: {=_xlfn.IFS(B54="Freshwater",1,B54="Brackish",2,B54="Seawater",3)} -> 1 | O54: {=_xlfn.IFS(D54="Common",1,D54="Uncommon",2,D54="Rare",3,D54="Legendary",4,D54="Mythical",5,D54="Event",6)} -> 1 | P54: =_xlfn.CONCAT("('",A54,"',",N54,",",O54,",",E54,",",F54,",",G54,",",H54,",",I54,",","'",J54,"'),") -> ('Muskie',1,1,500,5,32,45,180,'Muskies are the top predator in any body of water where they occur, and they will eat larger prey than most other freshwater fish.'),
A55: Redfin Pickerel | B55: Freshwater | C55: Pike | D55: Uncommon | E55: 250 | F55: 0.3 | G55: 1.5 | H55: 3 | I55: 31 | J55: The redfin pickerel is an ambush predator, lying in wait for unsuspecting prey animals to get within striking range. | K55: Ourea, Seran | L55: Summer, Autumn, Dry | M55: Astrafteri Lake, Theikos Spring, Iremia River, Seribu Arus River, Batu Kawah Lake | N55: {=_xlfn.IFS(B55="Freshwater",1,B55="Brackish",2,B55="Seawater",3)} -> 1 | O55: {=_xlfn.IFS(D55="Common",1,D55="Uncommon",2,D55="Rare",3,D55="Legendary",4,D55="Mythical",5,D55="Event",6)} -> 2 | P55: =_xlfn.CONCAT("('",A55,"',",N55,",",O55,",",E55,",",F55,",",G55,",",H55,",",I55,",","'",J55,"'),") -> ('Redfin Pickerel',1,2,250,0.3,1.5,3,31,'The redfin pickerel is an ambush predator, lying in wait for unsuspecting prey animals to get within striking range.'),
A56: Bluegill | B56: Freshwater | C56: Sunfish | D56: Common | E56: 650 | F56: 0.5 | G56: 2 | H56: 15 | I56: 39 | J56: This insect lover usually hide near a cover and ambush their prey. | K56: Ourea, Seran | L56: Spring, Summer, Monsoon | M56: Astrafteri Lake, Iremia River, Kaca Lake, Seribu Arus River, Batu Kawah Lake, Seroja Darah Swamp | N56: {=_xlfn.IFS(B56="Freshwater",1,B56="Brackish",2,B56="Seawater",3)} -> 1 | O56: {=_xlfn.IFS(D56="Common",1,D56="Uncommon",2,D56="Rare",3,D56="Legendary",4,D56="Mythical",5,D56="Event",6)} -> 1 | P56: =_xlfn.CONCAT("('",A56,"',",N56,",",O56,",",E56,",",F56,",",G56,",",H56,",",I56,",","'",J56,"'),") -> ('Bluegill',1,1,650,0.5,2,15,39,'This insect lover usually hide near a cover and ambush their prey.'),
A57: Pumpkinseed | B57: Freshwater | C57: Sunfish | D57: Common | E57: 660 | F57: 0.4 | G57: 1 | H57: 10 | I57: 28 | J57: Pumpkinseeds have a body shaped much like a pumpkin seed with a vibrant orange, green, yellow, or blue body. | K57: Rosegleam, Tidehaven | L57: Summer, Autumn | M57: Saint Luike Pond, Prince Kaiden Reservoir, Merman Marsh, Wisp Swamp, Sofia River, Becket Cross Canal, Mikill Hvitar Lake, Ormr River | N57: {=_xlfn.IFS(B57="Freshwater",1,B57="Brackish",2,B57="Seawater",3)} -> 1 | O57: {=_xlfn.IFS(D57="Common",1,D57="Uncommon",2,D57="Rare",3,D57="Legendary",4,D57="Mythical",5,D57="Event",6)} -> 1 | P57: =_xlfn.CONCAT("('",A57,"',",N57,",",O57,",",E57,",",F57,",",G57,",",H57,",",I57,",","'",J57,"'),") -> ('Pumpkinseed',1,1,660,0.4,1,10,28,'Pumpkinseeds have a body shaped much like a pumpkin seed with a vibrant orange, green, yellow, or blue body.'),
A58: Green Sunfish | B58: Freshwater | C58: Sunfish | D58: Common | E58: 670 | F58: 0.2 | G58: 0.9 | H58: 7 | I58: 30 | J58: This fish is highly territorial and aggressive, local fishermen refered to its as a bullies of the water. | K58: Ourea, Tidehaven | L58: Summer, Autumn | M58: Astrafteri Lake, Evrys River, Freyja River, Jotunn Cave, Yrvir Swamp | N58: {=_xlfn.IFS(B58="Freshwater",1,B58="Brackish",2,B58="Seawater",3)} -> 1 | O58: {=_xlfn.IFS(D58="Common",1,D58="Uncommon",2,D58="Rare",3,D58="Legendary",4,D58="Mythical",5,D58="Event",6)} -> 1 | P58: =_xlfn.CONCAT("('",A58,"',",N58,",",O58,",",E58,",",F58,",",G58,",",H58,",",I58,",","'",J58,"'),") -> ('Green Sunfish',1,1,670,0.2,0.9,7,30,'This fish is highly territorial and aggressive, local fishermen refered to its as a bullies of the water.'),
A59: Pocket Sunfish | B59: Freshwater | C59: Sunfish | D59: Rare | E59: 125 | F59: 0.1 | G59: 0.5 | H59: 5 | I59: 8 | J59: A tiny fish that can fit into a fisherman's pocket, it has ten vertical stripes visible along its dark body. | K59: Rosegleam | L59: Spring | M59: Saint Luke Pond, Prince Kaiden Reservoir, Merman Marsh | N59: {=_xlfn.IFS(B59="Freshwater",1,B59="Brackish",2,B59="Seawater",3)} -> 1 | O59: {=_xlfn.IFS(D59="Common",1,D59="Uncommon",2,D59="Rare",3,D59="Legendary",4,D59="Mythical",5,D59="Event",6)} -> 3 | P59: =_xlfn.CONCAT("('",A59,"',",N59,",",O59,",",E59,",",F59,",",G59,",",H59,",",I59,",","'",J59,"'),") -> ('Pocket Sunfish',1,3,125,0.1,0.5,5,8,'A tiny fish that can fit into a fisherman's pocket, it has ten vertical stripes visible along its dark body.'),
A60: Redear Sunfish | B60: Freshwater | C60: Sunfish | D60: Uncommon | E60: 300 | F60: 0.2 | G60: 1.5 | H60: 20 | I60: 44 | J60: Also widely known as the shellcracker, this fish's main diet is snails. These fish meander along lakebeds, seeking and cracking open snails and other shelled creatures. | K60: Seran, Rosegleam | L60: Spring, Autumn | M60: Saint Luke Pond, Prince Kaiden Reservoir, Kaca Lake, Mentari Pond | N60: {=_xlfn.IFS(B60="Freshwater",1,B60="Brackish",2,B60="Seawater",3)} -> 1 | O60: {=_xlfn.IFS(D60="Common",1,D60="Uncommon",2,D60="Rare",3,D60="Legendary",4,D60="Mythical",5,D60="Event",6)} -> 2 | P60: =_xlfn.CONCAT("('",A60,"',",N60,",",O60,",",E60,",",F60,",",G60,",",H60,",",I60,",","'",J60,"'),") -> ('Redear Sunfish',1,2,300,0.2,1.5,20,44,'Also widely known as the shellcracker, this fish's main diet is snails. These fish meander along lakebeds, seeking and cracking open snails and other shelled creatures.'),
A61: Warmouth | B61: Freshwater | C61: Sunfish | D61: Uncommon | E61: 375 | F61: 0.3 | G61: 1.1 | H61: 10 | I61: 30 | J61: The Warmouth is an aggressive and hardy fish that can survive in streams with low oxygen level. | K61: Rosegleam, Tidehaven | L61: Spring, Autumn, Winter | M61: Merman Marsh, Wisp Swamp, Jotunn Cave, Reyr Marsh, Yrvir Swamp | N61: {=_xlfn.IFS(B61="Freshwater",1,B61="Brackish",2,B61="Seawater",3)} -> 1 | O61: {=_xlfn.IFS(D61="Common",1,D61="Uncommon",2,D61="Rare",3,D61="Legendary",4,D61="Mythical",5,D61="Event",6)} -> 2 | P61: =_xlfn.CONCAT("('",A61,"',",N61,",",O61,",",E61,",",F61,",",G61,",",H61,",",I61,",","'",J61,"'),") -> ('Warmouth',1,2,375,0.3,1.1,10,30,'The Warmouth is an aggressive and hardy fish that can survive in streams with low oxygen level.'),
A62: Redbreast Sunfish | B62: Freshwater | C62: Sunfish | D62: Uncommon | E62: 425 | F62: 0.2 | G62: 0.8 | H62: 10 | I62: 30 | J62: This fish becomes more aggressive when winter comes and striking almost anything that moving near them. | K62: Ourea, Seran | L62: Spring, Winter | M62: Vasikos Pond, Astrafteri Lake, Telma Swamp, Iremia River, Kaca Lake, Seroja Marsh, Batu Kawah Lake | N62: {=_xlfn.IFS(B62="Freshwater",1,B62="Brackish",2,B62="Seawater",3)} -> 1 | O62: {=_xlfn.IFS(D62="Common",1,D62="Uncommon",2,D62="Rare",3,D62="Legendary",4,D62="Mythical",5,D62="Event",6)} -> 2 | P62: =_xlfn.CONCAT("('",A62,"',",N62,",",O62,",",E62,",",F62,",",G62,",",H62,",",I62,",","'",J62,"'),") -> ('Redbreast Sunfish',1,2,425,0.2,0.8,10,30,'This fish becomes more aggressive when winter comes and striking almost anything that moving near them.'),
A63: Long-ear Sunfish | B63: Freshwater | C63: Sunfish | D63: Uncommon | E63: 450 | F63: 0.2 | G63: 0.8 | H63: 9 | I63: 24 | J63: Unlike any other sunfish, this fish feeds more near the surface of the water targeting insects, crustaceans and even young sunfish. | K63: Seran, Rosegleam | L63: Summer, Autumn | M63: Wisp Swamp, Sofia River, Kaca Lake, Seribu Arus River, Seroja Darah Swamp | N63: {=_xlfn.IFS(B63="Freshwater",1,B63="Brackish",2,B63="Seawater",3)} -> 1 | O63: {=_xlfn.IFS(D63="Common",1,D63="Uncommon",2,D63="Rare",3,D63="Legendary",4,D63="Mythical",5,D63="Event",6)} -> 2 | P63: =_xlfn.CONCAT("('",A63,"',",N63,",",O63,",",E63,",",F63,",",G63,",",H63,",",I63,",","'",J63,"'),") -> ('Long-ear Sunfish',1,2,450,0.2,0.8,9,24,'Unlike any other sunfish, this fish feeds more near the surface of the water targeting insects, crustaceans and even young sunfish.'),
A64: Orangespotted Sunfish | B64: Freshwater | C64: Sunfish | D64: Uncommon | E64: 375 | F64: 0.1 | G64: 0.6 | H64: 8 | I64: 15 | J64: This fish prefers vegetated areas in sluggish backwaters or lakes, and can also be found in turbid rivers. | K64: Ourea, Rosegleam | L64: Spring, Autumn | M64: Prasinos Creek, Theikos Spring, Evrys River, Prince Kaiden Reservoir, Wisp Swamp, Becket Cross Canal | N64: {=_xlfn.IFS(B64="Freshwater",1,B64="Brackish",2,B64="Seawater",3)} -> 1 | O64: {=_xlfn.IFS(D64="Common",1,D64="Uncommon",2,D64="Rare",3,D64="Legendary",4,D64="Mythical",5,D64="Event",6)} -> 2 | P64: =_xlfn.CONCAT("('",A64,"',",N64,",",O64,",",E64,",",F64,",",G64,",",H64,",",I64,",","'",J64,"'),") -> ('Orangespotted Sunfish',1,2,375,0.1,0.6,8,15,'This fish prefers vegetated areas in sluggish backwaters or lakes, and can also be found in turbid rivers.'),
A65: Roundel Sunfish | B65: Freshwater | C65: Sunfish | D65: Uncommon | E65: 230 | F65: 0.1 | G65: 0.5 | H65: 8 | I65: 15 | J65: Its deep, rounded body is said to resemble the ancient roundel coins once traded across the continent before the dragons era. | K65: All | L65: Spring, Autumn | M65: Vasikos Pond, Telma Swamp, Saint Luke Pond, Becket Cross Canal, Mentari Pond, Mikill Hvitar Lake, Jotunn Cave | N65: {=_xlfn.IFS(B65="Freshwater",1,B65="Brackish",2,B65="Seawater",3)} -> 1 | O65: {=_xlfn.IFS(D65="Common",1,D65="Uncommon",2,D65="Rare",3,D65="Legendary",4,D65="Mythical",5,D65="Event",6)} -> 2 | P65: =_xlfn.CONCAT("('",A65,"',",N65,",",O65,",",E65,",",F65,",",G65,",",H65,",",I65,",","'",J65,"'),") -> ('Roundel Sunfish',1,2,230,0.1,0.5,8,15,'Its deep, rounded body is said to resemble the ancient roundel coins once traded across the continent before the dragons era.'),
A66: Rainbow Trout | B66: Freshwater | C66: Trout | D66: Common | E66: 900 | F66: 3 | G66: 14 | H66: 20 | I66: 76 | J66: Fish with a silvery body, and purple, pink and bluish streak down its flank | K66: All | L66: Spring, Autumn, Monsoon | M66: Astrafteri Lake, Evrys River, Iremia River, Prince Kaiden Reservoir, Sofia River, Kaca Lake, Seribu Arus River, Mikill Hvitar Lake, Ormr River, Freyja River | N66: {=_xlfn.IFS(B66="Freshwater",1,B66="Brackish",2,B66="Seawater",3)} -> 1 | O66: {=_xlfn.IFS(D66="Common",1,D66="Uncommon",2,D66="Rare",3,D66="Legendary",4,D66="Mythical",5,D66="Event",6)} -> 1 | P66: =_xlfn.CONCAT("('",A66,"',",N66,",",O66,",",E66,",",F66,",",G66,",",H66,",",I66,",","'",J66,"'),") -> ('Rainbow Trout',1,1,900,3,14,20,76,'Fish with a silvery body, and purple, pink and bluish streak down its flank'),
A67: Hvitar Trout | B67: Freshwater | C67: Trout | D67: Common | E67: 750 | F67: 1 | G67: 2 | H67: 17 | I67: 55 | J67: Hvitar Trout have a yellow body, and their upper body covered with a numerous small dark spot | K67: Tidehaven | L67: Summer, Autumn | M67: Mikill Hvitar Lake | N67: {=_xlfn.IFS(B67="Freshwater",1,B67="Brackish",2,B67="Seawater",3)} -> 1 | O67: {=_xlfn.IFS(D67="Common",1,D67="Uncommon",2,D67="Rare",3,D67="Legendary",4,D67="Mythical",5,D67="Event",6)} -> 1 | P67: =_xlfn.CONCAT("('",A67,"',",N67,",",O67,",",E67,",",F67,",",G67,",",H67,",",I67,",","'",J67,"'),") -> ('Hvitar Trout',1,1,750,1,2,17,55,'Hvitar Trout have a yellow body, and their upper body covered with a numerous small dark spot'),
A68: Lake Trout | B68: Freshwater | C68: Trout | D68: Common | E68: 975 | F68: 10 | G68: 46 | H68: 25 | I68: 130 | J68: Lake trout covered in light beige or white spots all over its olive-grey body. | K68: All | L68: Spring, Autumn, Dry | M68: Astrafteri Lake, Theikos Spring, Prince Kaiden Reservoir, Kaca Lake, Mikill Hvitar Lake | N68: {=_xlfn.IFS(B68="Freshwater",1,B68="Brackish",2,B68="Seawater",3)} -> 1 | O68: {=_xlfn.IFS(D68="Common",1,D68="Uncommon",2,D68="Rare",3,D68="Legendary",4,D68="Mythical",5,D68="Event",6)} -> 1 | P68: =_xlfn.CONCAT("('",A68,"',",N68,",",O68,",",E68,",",F68,",",G68,",",H68,",",I68,",","'",J68,"'),") -> ('Lake Trout',1,1,975,10,46,25,130,'Lake trout covered in light beige or white spots all over its olive-grey body.'),
A69: Aurora Trout | B69: Freshwater | C69: Trout | D69: Rare | E69: 85 | F69: 1.5 | G69: 3 | H69: 10 | I69: 30 | J69: Aurora trout can be differentiated by its coloration, grading from magenta hue to nearly orange along the belly. | K69: Ourea | L69: Summer, Autumn | M69: Astrafterí Lake, Telma Swamp, Theikos Spring, Evrys River | N69: {=_xlfn.IFS(B69="Freshwater",1,B69="Brackish",2,B69="Seawater",3)} -> 1 | O69: {=_xlfn.IFS(D69="Common",1,D69="Uncommon",2,D69="Rare",3,D69="Legendary",4,D69="Mythical",5,D69="Event",6)} -> 3 | P69: =_xlfn.CONCAT("('",A69,"',",N69,",",O69,",",E69,",",F69,",",G69,",",H69,",",I69,",","'",J69,"'),") -> ('Aurora Trout',1,3,85,1.5,3,10,30,'Aurora trout can be differentiated by its coloration, grading from magenta hue to nearly orange along the belly.'),
A70: Prasinos Cutthroat Trout | B70: Freshwater | C70: Trout | D70: Rare | E70: 75 | F70: 0.5 | G70: 1.1 | H70: 15 | I70: 46 | J70: This trout only live on the creek. Prasinos have a purple coloration and have some black spot along their body | K70: Ourea | L70: Summer | M70: Prasinos Creek | N70: {=_xlfn.IFS(B70="Freshwater",1,B70="Brackish",2,B70="Seawater",3)} -> 1 | O70: {=_xlfn.IFS(D70="Common",1,D70="Uncommon",2,D70="Rare",3,D70="Legendary",4,D70="Mythical",5,D70="Event",6)} -> 3 | P70: =_xlfn.CONCAT("('",A70,"',",N70,",",O70,",",E70,",",F70,",",G70,",",H70,",",I70,",","'",J70,"'),") -> ('Prasinos Cutthroat Trout',1,3,75,0.5,1.1,15,46,'This trout only live on the creek. Prasinos have a purple coloration and have some black spot along their body'),
A71: Golden Trout | B71: Freshwater | C71: Trout | D71: Rare | E71: 100 | F71: 1 | G71: 5 | H71: 15 | I71: 30 | J71: Every first Golden Trout that is caught that day needs to be given to the royal family. | K71: Rosegleam | L71: Spring, Summer | M71: Prince Kaiden Reservoir, Merman Marsh, Sofia River | N71: {=_xlfn.IFS(B71="Freshwater",1,B71="Brackish",2,B71="Seawater",3)} -> 1 | O71: {=_xlfn.IFS(D71="Common",1,D71="Uncommon",2,D71="Rare",3,D71="Legendary",4,D71="Mythical",5,D71="Event",6)} -> 3 | P71: =_xlfn.CONCAT("('",A71,"',",N71,",",O71,",",E71,",",F71,",",G71,",",H71,",",I71,",","'",J71,"'),") -> ('Golden Trout',1,3,100,1,5,15,30,'Every first Golden Trout that is caught that day needs to be given to the royal family.'),
A72: Brook Trout | B72: Freshwater | C72: Trout | D72: Uncommon | E72: 250 | F72: 2 | G72: 6.5 | H72: 20 | I72: 61 | J72: Brook trout also called Speckled trout has a green olive body with a yellow spot all over its body. | K72: Ourea, Seran | L72: Spring, Autumn | M72: Evrys River, Iremia River, Seribu Arus River | N72: {=_xlfn.IFS(B72="Freshwater",1,B72="Brackish",2,B72="Seawater",3)} -> 1 | O72: {=_xlfn.IFS(D72="Common",1,D72="Uncommon",2,D72="Rare",3,D72="Legendary",4,D72="Mythical",5,D72="Event",6)} -> 2 | P72: =_xlfn.CONCAT("('",A72,"',",N72,",",O72,",",E72,",",F72,",",G72,",",H72,",",I72,",","'",J72,"'),") -> ('Brook Trout',1,2,250,2,6.5,20,61,'Brook trout also called Speckled trout has a green olive body with a yellow spot all over its body.'),
A73: Clearwater Cutthroat Trout | B73: Freshwater | C73: Trout | D73: Uncommon | E73: 305 | F73: 1 | G73: 2 | H73: 20 | I73: 45 | J73: Its neck has a bright red coloration, which makes it look like a slash wound; that's why it was called a Cutthroat Trout. | K73: Seran | L73: Monsoon | M73: Kaca Lake | N73: {=_xlfn.IFS(B73="Freshwater",1,B73="Brackish",2,B73="Seawater",3)} -> 1 | O73: {=_xlfn.IFS(D73="Common",1,D73="Uncommon",2,D73="Rare",3,D73="Legendary",4,D73="Mythical",5,D73="Event",6)} -> 2 | P73: =_xlfn.CONCAT("('",A73,"',",N73,",",O73,",",E73,",",F73,",",G73,",",H73,",",I73,",","'",J73,"'),") -> ('Clearwater Cutthroat Trout',1,2,305,1,2,20,45,'Its neck has a bright red coloration, which makes it look like a slash wound; that's why it was called a Cutthroat Trout.'),
A74: Yakad Trout | B74: Freshwater | C74: Trout | D74: Uncommon | E74: 201 | F74: 1 | G74: 3 | H74: 15 | I74: 61 | J74: Yakad Trout can be identified by its distinctive yellowish-gold color, with a golden belly. The top of its head and back are a dark olive color. | K74: Seran | L74: Monsoon | M74: Kaca Lake, Seroja Marsh, Batu Kawah Lake | N74: {=_xlfn.IFS(B74="Freshwater",1,B74="Brackish",2,B74="Seawater",3)} -> 1 | O74: {=_xlfn.IFS(D74="Common",1,D74="Uncommon",2,D74="Rare",3,D74="Legendary",4,D74="Mythical",5,D74="Event",6)} -> 2 | P74: =_xlfn.CONCAT("('",A74,"',",N74,",",O74,",",E74,",",F74,",",G74,",",H74,",",I74,",","'",J74,"'),") -> ('Yakad Trout',1,2,201,1,3,15,61,'Yakad Trout can be identified by its distinctive yellowish-gold color, with a golden belly. The top of its head and back are a dark olive color.'),
A75: Marbled Trout | B75: Freshwater | C75: Trout | D75: Uncommon | E75: 375 | F75: 5 | G75: 30 | H75: 30 | I75: 120 | J75: The marble trout has a long, cylindrical body, slightly compressed laterally, with a large head. | K75: Tidehaven, Rosegleam | L75: Autumn, Winter | M75: Merman Marsh, Wisp Swamp, Reyr Marsh, Yrvir Swamp | N75: {=_xlfn.IFS(B75="Freshwater",1,B75="Brackish",2,B75="Seawater",3)} -> 1 | O75: {=_xlfn.IFS(D75="Common",1,D75="Uncommon",2,D75="Rare",3,D75="Legendary",4,D75="Mythical",5,D75="Event",6)} -> 2 | P75: =_xlfn.CONCAT("('",A75,"',",N75,",",O75,",",E75,",",F75,",",G75,",",H75,",",I75,",","'",J75,"'),") -> ('Marbled Trout',1,2,375,5,30,30,120,'The marble trout has a long, cylindrical body, slightly compressed laterally, with a large head. '),
A76: Common Clownfish | B76: Seawater | C76: Anemone | D76: Common | E76: 950 | F76: 0.3 | G76: 0.8 | H76: 1 | I76: 12 | J76: The Common Clownfish has a stocky appearance and oval shape. It is compressed laterally, with a round profile. | K76: All | L76: Summer, Winter | M76: Tanjung Seran Harbor, Gröfgarðr Shore, Sjókona Beach, Harma Ocean, Roufíchtra Ocean | N76: {=_xlfn.IFS(B76="Freshwater",1,B76="Brackish",2,B76="Seawater",3)} -> 3 | O76: {=_xlfn.IFS(D76="Common",1,D76="Uncommon",2,D76="Rare",3,D76="Legendary",4,D76="Mythical",5,D76="Event",6)} -> 1 | P76: =_xlfn.CONCAT("('",A76,"',",N76,",",O76,",",E76,",",F76,",",G76,",",H76,",",I76,",","'",J76,"'),") -> ('Common Clownfish',3,1,950,0.3,0.8,1,12,'The Common Clownfish has a stocky appearance and oval shape. It is compressed laterally, with a round profile.'),
A77: Great Barracuda | B77: Seawater | C77: Barracuda | D77: Uncommon | E77: 250 | F77: 10 | G77: 47 | H77: 50 | I77: 300 | J77: They are voracious predators and hunt by ambush. They rely on surprise and short bursts of speed to overrun their prey, sacrificing maneuverability. | K77: Seran, Tidehaven | L77: Autumn, Winter | M77: Tanjung Seran Harbor, Gröfgarðr Shore, Harma Ocean | N77: {=_xlfn.IFS(B77="Freshwater",1,B77="Brackish",2,B77="Seawater",3)} -> 3 | O77: {=_xlfn.IFS(D77="Common",1,D77="Uncommon",2,D77="Rare",3,D77="Legendary",4,D77="Mythical",5,D77="Event",6)} -> 2 | P77: =_xlfn.CONCAT("('",A77,"',",N77,",",O77,",",E77,",",F77,",",G77,",",H77,",",I77,",","'",J77,"'),") -> ('Great Barracuda',3,2,250,10,47,50,300,'They are voracious predators and hunt by ambush. They rely on surprise and short bursts of speed to overrun their prey, sacrificing maneuverability.'),
A78: Striped Bass | B78: Seawater | C78: Bass | D78: Common | E78: 900 | F78: 5 | G78: 60 | H78: 40 | I78: 120 | J78: The Striped Bass has a streamlined, silvery body marked with longitudinal dark stripes running from behind the gills to the base of the tail. | K78: All | L78: Spring, Autumn, Monsoon | M78: Tanjung Seran Harbor, Gröfgarðr Shore, Sjókona Beach, Harma Ocean, Roufíchtra Ocean | N78: {=_xlfn.IFS(B78="Freshwater",1,B78="Brackish",2,B78="Seawater",3)} -> 3 | O78: {=_xlfn.IFS(D78="Common",1,D78="Uncommon",2,D78="Rare",3,D78="Legendary",4,D78="Mythical",5,D78="Event",6)} -> 1 | P78: =_xlfn.CONCAT("('",A78,"',",N78,",",O78,",",E78,",",F78,",",G78,",",H78,",",I78,",","'",J78,"'),") -> ('Striped Bass',3,1,900,5,60,40,120,'The Striped Bass has a streamlined, silvery body marked with longitudinal dark stripes running from behind the gills to the base of the tail.'),
A79: Swordfish | B79: Seawater | C79: Billfish | D79: Rare | E79: 150 | F79: 100 | G79: 700 | H79: 100 | I79: 455 | J79: Swordfish can swim extremely fast; it is said that Swordfish will jumped out of the water and then attack the fishermen when threatened. | K79: All | L79: Summer, Winter | M79: Tanjung Seran Harbor, Gröfgarðr Shore, Sjókona Beach, Harma Ocean, Roufíchtra Ocean | N79: {=_xlfn.IFS(B79="Freshwater",1,B79="Brackish",2,B79="Seawater",3)} -> 3 | O79: {=_xlfn.IFS(D79="Common",1,D79="Uncommon",2,D79="Rare",3,D79="Legendary",4,D79="Mythical",5,D79="Event",6)} -> 3 | P79: =_xlfn.CONCAT("('",A79,"',",N79,",",O79,",",E79,",",F79,",",G79,",",H79,",",I79,",","'",J79,"'),") -> ('Swordfish',3,3,150,100,700,100,455,'Swordfish can swim extremely fast; it is said that Swordfish will jumped out of the water and then attack the fishermen when threatened.'),
A80: Sailfish | B80: Seawater | C80: Billfish | D80: Rare | E80: 60 | F80: 70 | G80: 350 | H80: 40 | I80: 100 | J80: Old sailors claim that they see Sailfish change colors when they get catch. Some people even said that was Sailfish way to communicate between them. | K80: Tidehaven | L80: Autumn, Winter | M80: Sjókona Beach, Harma Ocean | N80: {=_xlfn.IFS(B80="Freshwater",1,B80="Brackish",2,B80="Seawater",3)} -> 3 | O80: {=_xlfn.IFS(D80="Common",1,D80="Uncommon",2,D80="Rare",3,D80="Legendary",4,D80="Mythical",5,D80="Event",6)} -> 3 | P80: =_xlfn.CONCAT("('",A80,"',",N80,",",O80,",",E80,",",F80,",",G80,",",H80,",",I80,",","'",J80,"'),") -> ('Sailfish',3,3,60,70,350,40,100,'Old sailors claim that they see Sailfish change colors when they get catch. Some people even said that was Sailfish way to communicate between them.'),
A81: Black Marlin | B81: Seawater | C81: Billfish | D81: Rare | E81: 51 | F81: 100 | G81: 720 | H81: 150 | I81: 450 | J81: One of the fastest fish known to sailors, this fish is said to be fast enough to leave a hole in a ship by swimming through it. | K81: Seran | L81: Monsoon | M81: Tanjung Seran Harbor | N81: {=_xlfn.IFS(B81="Freshwater",1,B81="Brackish",2,B81="Seawater",3)} -> 3 | O81: {=_xlfn.IFS(D81="Common",1,D81="Uncommon",2,D81="Rare",3,D81="Legendary",4,D81="Mythical",5,D81="Event",6)} -> 3 | P81: =_xlfn.CONCAT("('",A81,"',",N81,",",O81,",",E81,",",F81,",",G81,",",H81,",",I81,",","'",J81,"'),") -> ('Black Marlin',3,3,51,100,720,150,450,'One of the fastest fish known to sailors, this fish is said to be fast enough to leave a hole in a ship by swimming through it.'),
A82: Zebra Seabream | B82: Seawater | C82: Bream | D82: Rare | E82: 150 | F82: 1.25 | G82: 3 | H82: 25 | I82: 55 | J82: This fish has an oval shaped body which is deep and compressed with a moderately sharp snout and a thick lipped slightly protrusible mouth. | K82: Seran | L82: Monsoon | M82: Tanjung Seran Harbor | N82: {=_xlfn.IFS(B82="Freshwater",1,B82="Brackish",2,B82="Seawater",3)} -> 3 | O82: {=_xlfn.IFS(D82="Common",1,D82="Uncommon",2,D82="Rare",3,D82="Legendary",4,D82="Mythical",5,D82="Event",6)} -> 3 | P82: =_xlfn.CONCAT("('",A82,"',",N82,",",O82,",",E82,",",F82,",",G82,",",H82,",",I82,",","'",J82,"'),") -> ('Zebra Seabream',3,3,150,1.25,3,25,55,'This fish has an oval shaped body which is deep and compressed with a moderately sharp snout and a thick lipped slightly protrusible mouth.'),
A83: Two-bar Bream | B83: Seawater | C83: Bream | D83: Uncommon | E83: 425 | F83: 1 | G83: 3 | H83: 10 | I83: 60 | J83: Two-bar Bream has an oval-shaped, deep, compressed body with a moderately fleshy-lipped, slightly protrusible mouth. | K83: Seran, Tidehaven | L83: Spring, Autumn | M83: Tanjung Seran Harbor, Gröfgarðr Shore, Sjókona Beach, Harma Ocean | N83: {=_xlfn.IFS(B83="Freshwater",1,B83="Brackish",2,B83="Seawater",3)} -> 3 | O83: {=_xlfn.IFS(D83="Common",1,D83="Uncommon",2,D83="Rare",3,D83="Legendary",4,D83="Mythical",5,D83="Event",6)} -> 2 | P83: =_xlfn.CONCAT("('",A83,"',",N83,",",O83,",",E83,",",F83,",",G83,",",H83,",",I83,",","'",J83,"'),") -> ('Two-bar Bream',3,2,425,1,3,10,60,'Two-bar Bream has an oval-shaped, deep, compressed body with a moderately fleshy-lipped, slightly protrusible mouth.'),
A84: Red Seabream | B84: Seawater | C84: Bream | D84: Common | E84: 850 | F84: 0.75 | G84: 10 | H84: 20 | I84: 120 | J84: The body is oblong and laterally flattened, with the jaws protruding slightly forward. The pectoral fins are long and slender, reaching nearly half of the total length. | K84: Seran, Tidehaven | L84: Summer, Autumn | M84: Tanjung Seran Harbor, Sjókona Beach, Harma Ocean | N84: {=_xlfn.IFS(B84="Freshwater",1,B84="Brackish",2,B84="Seawater",3)} -> 3 | O84: {=_xlfn.IFS(D84="Common",1,D84="Uncommon",2,D84="Rare",3,D84="Legendary",4,D84="Mythical",5,D84="Event",6)} -> 1 | P84: =_xlfn.CONCAT("('",A84,"',",N84,",",O84,",",E84,",",F84,",",G84,",",H84,",",I84,",","'",J84,"'),") -> ('Red Seabream',3,1,850,0.75,10,20,120,'The body is oblong and laterally flattened, with the jaws protruding slightly forward. The pectoral fins are long and slender, reaching nearly half of the total length.'),
A85: Gilthead Seabream | B85: Seawater | C85: Bream | D85: Uncommon | E85: 201 | F85: 0.5 | G85: 18 | H85: 15 | I85: 70 | J85: The gilt-head bream has a deep body, with a large, deep head which has its relatively small eyes placed high on the head. The diameter of the eyes is shorter than the length of the snout. | K85: Seran, Tidehaven | L85: Spring, Summer, Autumn | M85: Tanjung Seran Harbor, Gröfgarðr Shore, Harma Ocean | N85: {=_xlfn.IFS(B85="Freshwater",1,B85="Brackish",2,B85="Seawater",3)} -> 3 | O85: {=_xlfn.IFS(D85="Common",1,D85="Uncommon",2,D85="Rare",3,D85="Legendary",4,D85="Mythical",5,D85="Event",6)} -> 2 | P85: =_xlfn.CONCAT("('",A85,"',",N85,",",O85,",",E85,",",F85,",",G85,",",H85,",",I85,",","'",J85,"'),") -> ('Gilthead Seabream',3,2,201,0.5,18,15,70,'The gilt-head bream has a deep body, with a large, deep head which has its relatively small eyes placed high on the head. The diameter of the eyes is shorter than the length of the snout.'),
A86: Swordhilt Sea Catfish | B86: Seawater | C86: Catfish | D86: Uncommon | E86: 205 | F86: 9 | G86: 25 | H86: 35 | I86: 100 | J86: A coastal catfish is recognized by the distinctive arrangement of bones beneath its head, forming a hilt of a sword structure. | K86: Tidehaven | L86: Winter | M86: Sjókona Beach, Harma Ocean | N86: {=_xlfn.IFS(B86="Freshwater",1,B86="Brackish",2,B86="Seawater",3)} -> 3 | O86: {=_xlfn.IFS(D86="Common",1,D86="Uncommon",2,D86="Rare",3,D86="Legendary",4,D86="Mythical",5,D86="Event",6)} -> 2 | P86: =_xlfn.CONCAT("('",A86,"',",N86,",",O86,",",E86,",",F86,",",G86,",",H86,",",I86,",","'",J86,"'),") -> ('Swordhilt Sea Catfish',3,2,205,9,25,35,100,'A coastal catfish is recognized by the distinctive arrangement of bones beneath its head, forming a hilt of a sword structure.'),
A87: Silverwhisker Sea Catfish | B87: Seawater | C87: Catfish | D87: Uncommon | E87: 215 | F87: 3 | G87: 9 | H87: 12 | I87: 55 | J87: A medium-sized coastal catfish with a silvery-gray body, long sensitive barbels, and sharp defensive spines. | K87: Seran, Tidehaven | L87: Monsoon, Winter | M87: Tanjung Seran Harbor, Gröfgarðr Shore, Sjókona Beach | N87: {=_xlfn.IFS(B87="Freshwater",1,B87="Brackish",2,B87="Seawater",3)} -> 3 | O87: {=_xlfn.IFS(D87="Common",1,D87="Uncommon",2,D87="Rare",3,D87="Legendary",4,D87="Mythical",5,D87="Event",6)} -> 2 | P87: =_xlfn.CONCAT("('",A87,"',",N87,",",O87,",",E87,",",F87,",",G87,",",H87,",",I87,",","'",J87,"'),") -> ('Silverwhisker Sea Catfish',3,2,215,3,9,12,55,'A medium-sized coastal catfish with a silvery-gray body, long sensitive barbels, and sharp defensive spines. '),
A88: Common Dolphinfish | B88: Seawater | C88: Dolphinfish | D88: Uncommon | E88: 201 | F88: 8 | G88: 40 | H88: 12 | I88: 180 | J88: Mature males have distinctive "foreheads"; it grows as the fish matures and often protrudes well above the body proper, which is streamlined by the musculature of the back | K88: Ourea, Tidehaven | L88: Autumn | M88: Gröfgarðr Shore, Roufíchtra Ocean | N88: {=_xlfn.IFS(B88="Freshwater",1,B88="Brackish",2,B88="Seawater",3)} -> 3 | O88: {=_xlfn.IFS(D88="Common",1,D88="Uncommon",2,D88="Rare",3,D88="Legendary",4,D88="Mythical",5,D88="Event",6)} -> 2 | P88: =_xlfn.CONCAT("('",A88,"',",N88,",",O88,",",E88,",",F88,",",G88,",",H88,",",I88,",","'",J88,"'),") -> ('Common Dolphinfish',3,2,201,8,40,12,180,' Mature males have distinctive "foreheads"; it grows as the fish matures and often protrudes well above the body proper, which is streamlined by the musculature of the back'),
A89: Summer Flounder | B89: Seawater | C89: Flatfish | D89: Uncommon | E89: 430 | F89: 0.5 | G89: 9 | H89: 20 | I89: 51 | J89: This fish is called the chameleon of the sea because their ability to change color to blend in with their surrounding. | K89: Rosegleam, Tidehaven | L89: Summer, Autumn | M89: Gröfgarðr Shore, Harma Ocean | N89: {=_xlfn.IFS(B89="Freshwater",1,B89="Brackish",2,B89="Seawater",3)} -> 3 | O89: {=_xlfn.IFS(D89="Common",1,D89="Uncommon",2,D89="Rare",3,D89="Legendary",4,D89="Mythical",5,D89="Event",6)} -> 2 | P89: =_xlfn.CONCAT("('",A89,"',",N89,",",O89,",",E89,",",F89,",",G89,",",H89,",",I89,",","'",J89,"'),") -> ('Summer Flounder',3,2,430,0.5,9,20,51,'This fish is called the chameleon of the sea because their ability to change color to blend in with their surrounding.'),
A90: Redmouth Grouper | B90: Seawater | C90: Grouper | D90: Common | E90: 825 | F90: 0.9 | G90: 15 | H90: 15 | I90: 60 | J90: The redmouth grouper is laterally compressed and oval-shaped with a relatively deep body, which is around half of the standard length, and a large head. | K90: All | L90: Spring, Dry | M90: Tanjung Seran Harbor, Gröfgarðr Shore, Sjókona Beach, Harma Ocean, Roufíchtra Ocean | N90: {=_xlfn.IFS(B90="Freshwater",1,B90="Brackish",2,B90="Seawater",3)} -> 3 | O90: {=_xlfn.IFS(D90="Common",1,D90="Uncommon",2,D90="Rare",3,D90="Legendary",4,D90="Mythical",5,D90="Event",6)} -> 1 | P90: =_xlfn.CONCAT("('",A90,"',",N90,",",O90,",",E90,",",F90,",",G90,",",H90,",",I90,",","'",J90,"'),") -> ('Redmouth Grouper',3,1,825,0.9,15,15,60,'The redmouth grouper is laterally compressed and oval-shaped with a relatively deep body, which is around half of the standard length, and a large head.'),
A91: Slender Grouper | B91: Seawater | C91: Grouper | D91: Common | E91: 775 | F91: 0.5 | G91: 2 | H91: 12.5 | I91: 75 | J91: The slender grouper is a medium-sized fish with a head that occupies 40% of the total length, and the mouth is large. | K91: All | L91: Summer, Autumn, Monsoon | M91: Tanjung Seran Harbor, Gröfgarðr Shore, Sjókona Beach, Harma Ocean, Roufíchtra Ocean | N91: {=_xlfn.IFS(B91="Freshwater",1,B91="Brackish",2,B91="Seawater",3)} -> 3 | O91: {=_xlfn.IFS(D91="Common",1,D91="Uncommon",2,D91="Rare",3,D91="Legendary",4,D91="Mythical",5,D91="Event",6)} -> 1 | P91: =_xlfn.CONCAT("('",A91,"',",N91,",",O91,",",E91,",",F91,",",G91,",",H91,",",I91,",","'",J91,"'),") -> ('Slender Grouper',3,1,775,0.5,2,12.5,75,'The slender grouper is a medium-sized fish with a head that occupies 40% of the total length, and the mouth is large.'),
A92: Masked Grouper | B92: Seawater | C92: Grouper | D92: Uncommon | E92: 230 | F92: 0.3 | G92: 2 | H92: 9.5 | I92: 45 | J92: The masked grouper has an oblong, rather compressed body, with the gill cover having a central spine which is located at one-third of the gap between the lower and upper spines. | K92: Seran, Tidehaven | L92: Dry, Autumn | M92: Tanjung Seran Harbor, Harma Ocean | N92: {=_xlfn.IFS(B92="Freshwater",1,B92="Brackish",2,B92="Seawater",3)} -> 3 | O92: {=_xlfn.IFS(D92="Common",1,D92="Uncommon",2,D92="Rare",3,D92="Legendary",4,D92="Mythical",5,D92="Event",6)} -> 2 | P92: =_xlfn.CONCAT("('",A92,"',",N92,",",O92,",",E92,",",F92,",",G92,",",H92,",",I92,",","'",J92,"'),") -> ('Masked Grouper',3,2,230,0.3,2,9.5,45,'The masked grouper has an oblong, rather compressed body, with the gill cover having a central spine which is located at one-third of the gap between the lower and upper spines.'),
A93: King Mackerel | B93: Seawater | C93: Mackerel | D93: Uncommon | E93: 300 | F93: 5 | G93: 40 | H93: 11 | I93: 184 | J93: A swift ocean predator renowned for its speed and powerful runs. It patrols coastal waters in search of baitfish, making it a prized catch for fisherman. | K93: Rosegleam, Tidehaven | L93: Winter | M93: Gröfgarðr Shore | N93: {=_xlfn.IFS(B93="Freshwater",1,B93="Brackish",2,B93="Seawater",3)} -> 3 | O93: {=_xlfn.IFS(D93="Common",1,D93="Uncommon",2,D93="Rare",3,D93="Legendary",4,D93="Mythical",5,D93="Event",6)} -> 2 | P93: =_xlfn.CONCAT("('",A93,"',",N93,",",O93,",",E93,",",F93,",",G93,",",H93,",",I93,",","'",J93,"'),") -> ('King Mackerel',3,2,300,5,40,11,184,'A swift ocean predator renowned for its speed and powerful runs. It patrols coastal waters in search of baitfish, making it a prized catch for fisherman.'),
A94: Common Lionfish | B94: Seawater | C94: Scorpionfish | D94: Common | E94: 875 | F94: 0.1 | G94: 1.3 | H94: 10 | I94: 35 | J94: The fin spines are highly venomous and have caused death to humans in some reported cases. Despite this, a sting from this species is rarely fatal to humans. | K94: All | L94: Summer | M94: Tanjung Seran Harbor, Gröfgarðr Shore, Harma Ocean, Roufíchtra Ocean | N94: {=_xlfn.IFS(B94="Freshwater",1,B94="Brackish",2,B94="Seawater",3)} -> 3 | O94: {=_xlfn.IFS(D94="Common",1,D94="Uncommon",2,D94="Rare",3,D94="Legendary",4,D94="Mythical",5,D94="Event",6)} -> 1 | P94: =_xlfn.CONCAT("('",A94,"',",N94,",",O94,",",E94,",",F94,",",G94,",",H94,",",I94,",","'",J94,"'),") -> ('Common Lionfish',3,1,875,0.1,1.3,10,35,'The fin spines are highly venomous and have caused death to humans in some reported cases. Despite this, a sting from this species is rarely fatal to humans.'),
A95: Spiny Dogfish | B95: Seawater | C95: Shark | D95: Uncommon | E95: 295 | F95: 2 | G95: 10 | H95: 90 | I95: 160 | J95: Spiny Dogfish is distinguished by two spines (one anterior to each upper fin) and no anal fin. It lives in shallow waters and further offshore in most parts of the world, especially in temperate waters. | K95: Seran, Tidehaven | L95: Monsoon, Summer | M95: Gröfgarðr Shore, Sjókona Beach, | N95: {=_xlfn.IFS(B95="Freshwater",1,B95="Brackish",2,B95="Seawater",3)} -> 3 | O95: {=_xlfn.IFS(D95="Common",1,D95="Uncommon",2,D95="Rare",3,D95="Legendary",4,D95="Mythical",5,D95="Event",6)} -> 2 | P95: =_xlfn.CONCAT("('",A95,"',",N95,",",O95,",",E95,",",F95,",",G95,",",H95,",",I95,",","'",J95,"'),") -> ('Spiny Dogfish',3,2,295,2,10,90,160,'Spiny Dogfish is distinguished by two spines (one anterior to each upper fin) and no anal fin. It lives in shallow waters and further offshore in most parts of the world, especially in temperate waters.'),
A96: Northern Red Snapper | B96: Seawater | C96: Snapper | D96: Common | E96: 900 | F96: 2 | G96: 23 | H96: 23 | I96: 88 | J96: They eat almost anything, but prefer small fish and crustaceans. They can be caught on both live and cut bait | K96: All | L96: Spring, Summer, Dry | M96: Gröfgarðr Shore, Sjókona Beach, Harma Ocean, Roufíchtra Ocean | N96: {=_xlfn.IFS(B96="Freshwater",1,B96="Brackish",2,B96="Seawater",3)} -> 3 | O96: {=_xlfn.IFS(D96="Common",1,D96="Uncommon",2,D96="Rare",3,D96="Legendary",4,D96="Mythical",5,D96="Event",6)} -> 1 | P96: =_xlfn.CONCAT("('",A96,"',",N96,",",O96,",",E96,",",F96,",",G96,",",H96,",",I96,",","'",J96,"'),") -> ('Northern Red Snapper',3,1,900,2,23,23,88,'They eat almost anything, but prefer small fish and crustaceans. They can be caught on both live and cut bait'),
A97: Grey Crossbowfish | B97: Seawater | C97: Filefish | D97: Common | E97: 451 | F97: 0.4 | G97: 2.5 | H97: 20 | I97: 60 | J97: The small beak-like mouth at the tip of the snout has fleshy lips. The eyes are set far back near the top of the head. | K97: All | L97: Spring, Autumn | M97: Tanjung Seran Harbor, Gröfgarðr Shore, Sjókona Beach, Roufíchtra Ocean | N97: {=_xlfn.IFS(B97="Freshwater",1,B97="Brackish",2,B97="Seawater",3)} -> 3 | O97: {=_xlfn.IFS(D97="Common",1,D97="Uncommon",2,D97="Rare",3,D97="Legendary",4,D97="Mythical",5,D97="Event",6)} -> 1 | P97: =_xlfn.CONCAT("('",A97,"',",N97,",",O97,",",E97,",",F97,",",G97,",",H97,",",I97,",","'",J97,"'),") -> ('Grey Crossbowfish',3,1,451,0.4,2.5,20,60,'The small beak-like mouth at the tip of the snout has fleshy lips. The eyes are set far back near the top of the head.'),
A98: Bluefin Tuna | B98: Seawater | C98: Tuna | D98: Rare | E98: 90 | F98: 100 | G98: 700 | H98: 150 | I98: 400 | J98: Their color is dark blue above and gray below, with a gold coruscation covering the body and bright yellow caudal finlets. | K98: Tidehaven | L98: Autumn, Winter | M98: Gröfgarðr Shore, Sjókona Beach | N98: {=_xlfn.IFS(B98="Freshwater",1,B98="Brackish",2,B98="Seawater",3)} -> 3 | O98: {=_xlfn.IFS(D98="Common",1,D98="Uncommon",2,D98="Rare",3,D98="Legendary",4,D98="Mythical",5,D98="Event",6)} -> 3 | P98: =_xlfn.CONCAT("('",A98,"',",N98,",",O98,",",E98,",",F98,",",G98,",",H98,",",I98,",","'",J98,"'),") -> ('Bluefin Tuna',3,3,90,100,700,150,400,'Their color is dark blue above and gray below, with a gold coruscation covering the body and bright yellow caudal finlets.'),
A99: Yellowfin Tuna | B99: Seawater | C99: Tuna | D99: Rare | E99: 95 | F99: 90 | G99: 450 | H99: 120 | I99: 240 | J99: Their body shape is particularly adapted for speed, enabling them to pursue and capture fast-moving baitfish, such as flying fish, sauries, and mackerel. | K99: Seran | L99: Monsoon | M99: Tanjung Seran Harbor | N99: {=_xlfn.IFS(B99="Freshwater",1,B99="Brackish",2,B99="Seawater",3)} -> 3 | O99: {=_xlfn.IFS(D99="Common",1,D99="Uncommon",2,D99="Rare",3,D99="Legendary",4,D99="Mythical",5,D99="Event",6)} -> 3 | P99: =_xlfn.CONCAT("('",A99,"',",N99,",",O99,",",E99,",",F99,",",G99,",",H99,",",I99,",","'",J99,"'),") -> ('Yellowfin Tuna',3,3,95,90,450,120,240,'Their body shape is particularly adapted for speed, enabling them to pursue and capture fast-moving baitfish, such as flying fish, sauries, and mackerel.'),
A100: Longfin Tuna | B100: Seawater | C100: Tuna | D100: Uncommon | E100: 350 | F100: 15 | G100: 40 | H100: 90 | I100: 150 | J100: The longfin tuna has a streamlined, fusiform body with a conical snout, a large mouth, and big eyes. Its body is dark blue above, shades of silvery white ventrally, and covered by small scales. | K100: Seran, Tidehaven | L100: Monsoon, Winter | M100: Harma Ocean | N100: {=_xlfn.IFS(B100="Freshwater",1,B100="Brackish",2,B100="Seawater",3)} -> 3 | O100: {=_xlfn.IFS(D100="Common",1,D100="Uncommon",2,D100="Rare",3,D100="Legendary",4,D100="Mythical",5,D100="Event",6)} -> 2 | P100: =_xlfn.CONCAT("('",A100,"',",N100,",",O100,",",E100,",",F100,",",G100,",",H100,",",I100,",","'",J100,"'),") -> ('Longfin Tuna',3,2,350,15,40,90,150,'The longfin tuna has a streamlined, fusiform body with a conical snout, a large mouth, and big eyes. Its body is dark blue above, shades of silvery white ventrally, and covered by small scales.'),
A101: Bigeye Tuna | B101: Seawater | C101: Tuna | D101: Uncommon | E101: 275 | F101: 25.5 | G101: 180 | H101: 75 | I101: 250 | J101: The eyes of bigeye tuna are well developed and with a large spherical lens allowing their vision to function well in low light conditions. | K101: All | L101: Spring, Winter, Monsoon | M101: Tanjung Seran Harbor, Harma Ocean, Roufíchtra Ocean | N101: {=_xlfn.IFS(B101="Freshwater",1,B101="Brackish",2,B101="Seawater",3)} -> 3 | O101: {=_xlfn.IFS(D101="Common",1,D101="Uncommon",2,D101="Rare",3,D101="Legendary",4,D101="Mythical",5,D101="Event",6)} -> 2 | P101: =_xlfn.CONCAT("('",A101,"',",N101,",",O101,",",E101,",",F101,",",G101,",",H101,",",I101,",","'",J101,"'),") -> ('Bigeye Tuna',3,2,275,25.5,180,75,250,'The eyes of bigeye tuna are well developed and with a large spherical lens allowing their vision to function well in low light conditions.'),

Sheet Fish Type
A1: Type | B1: Water
A2: Archer | B2: 2 | C2: =_xlfn.CONCAT("('",A2,"',",B2,"),") -> ('Archer',2),
A3: Bream | B3: 2 | C3: =_xlfn.CONCAT("('",A3,"',",B3,"),") -> ('Bream',2),
A4: Catfish | B4: 2 | C4: =_xlfn.CONCAT("('",A4,"',",B4,"),") -> ('Catfish',2),
A5: Cichlid | B5: 2 | C5: =_xlfn.CONCAT("('",A5,"',",B5,"),") -> ('Cichlid',2),
A6: Flatfish | B6: 2 | C6: =_xlfn.CONCAT("('",A6,"',",B6,"),") -> ('Flatfish',2),
A7: Four Eyed | B7: 2 | C7: =_xlfn.CONCAT("('",A7,"',",B7,"),") -> ('Four Eyed',2),
A8: Goby | B8: 2 | C8: =_xlfn.CONCAT("('",A8,"',",B8,"),") -> ('Goby',2),
A9: Halfbeak | B9: 2 | C9: =_xlfn.CONCAT("('",A9,"',",B9,"),") -> ('Halfbeak',2),
A10: Milkfish | B10: 2 | C10: =_xlfn.CONCAT("('",A10,"',",B10,"),") -> ('Milkfish',2),
A11: Moony | B11: 2 | C11: =_xlfn.CONCAT("('",A11,"',",B11,"),") -> ('Moony',2),
A12: Mullet | B12: 2 | C12: =_xlfn.CONCAT("('",A12,"',",B12,"),") -> ('Mullet',2),
A13: Needlefish | B13: 2 | C13: =_xlfn.CONCAT("('",A13,"',",B13,"),") -> ('Needlefish',2),
... A31: Tuna | B31: 3 | C31: =_xlfn.CONCAT("('",A31,"',",B31,"),") -> ('Tuna',3),

Sheet Mutation
A1: Fish | B1: Name | C1: Chance | D1: Min Weight | E1: Max Weight | F1: Min Length | G1: Max Length | H1: Description | I1: Fish ID
A2: Banded Archerfish | B2: Banded Scalefish | C2: 0.5 | D2: 0.2 | E2: 1.5 | F2: 5 | G2: 15 | H2: A mutated archerfish with scales as hard as a rock to prevent predators from eating them. | I2: =_xlfn.CONCAT("SELECT fish_id FROM fishing.t_fish WHERE fish_name = '",A2,"'") -> SELECT fish_id FROM fishing.t_fish WHERE fish_name = 'Banded Archerfish' | J2: =_xlfn.CONCAT("((",I2,"),","'",B2,"',","'",H2,"',",C2,",",D2,",",E2,",",F2,",",G2,"),") -> ((SELECT fish_id FROM fishing.t_fish WHERE fish_name = 'Banded Archerfish'),'Banded Scalefish','A mutated archerfish with scales as hard as a rock to prevent predators from eating them.',0.5,0.2,1.5,5,15),
A3: Banded Archerfish | B3: Banded Flamefish | C3: 0.5 | D3: 0.5 | E3: 2 | F3: 8 | G3: 20 | H3: An archerfish that shoots hot water to hunt, mana allows it to superheat the water inside its mouth before shooting it. | I3: =_xlfn.CONCAT("SELECT fish_id FROM fishing.t_fish WHERE fish_name = '",A3,"'") -> SELECT fish_id FROM fishing.t_fish WHERE fish_name = 'Banded Archerfish' | J3: =_xlfn.CONCAT("((",I3,"),","'",B3,"',","'",H3,"',",C3,",",D3,",",E3,",",F3,",",G3,"),") -> ((SELECT fish_id FROM fishing.t_fish WHERE fish_name = 'Banded Archerfish'),'Banded Flamefish','An archerfish that shoots hot water to hunt, mana allows it to superheat the water inside its mouth before shooting it.',0.5,0.5,2,8,20),
A4: Northern Archerfish | B4: Horned Archerfish | C4: 0.6 | D4: 0.1 | E4: 1.7 | F4: 4 | G4: 45 | H4: Horned Archerfish uses its horn to defend itself and as a way to attract the female | I4: =_xlfn.CONCAT("SELECT fish_id FROM fishing.t_fish WHERE fish_name = '",A4,"'") -> SELECT fish_id FROM fishing.t_fish WHERE fish_name = 'Northern Archerfish' | J4: =_xlfn.CONCAT("((",I4,"),","'",B4,"',","'",H4,"',",C4,",",D4,",",E4,",",F4,",",G4,"),") -> ((SELECT fish_id FROM fishing.t_fish WHERE fish_name = 'Northern Archerfish'),'Horned Archerfish','Horned Archerfish uses its horn to defend itself and as a way to attract the female',0.6,0.1,1.7,4,45),
A5: Northern Archerfish | B5: Northern Clawfish | C5: 0.4 | D5: 0.3 | E5: 2.2 | F5: 4.5 | G5: 47 | H5: Its fin mutated to have a razor-sharp claw to penetrate the mouth of a fish unfortunate enough to eat it. | I5: =_xlfn.CONCAT("SELECT fish_id FROM fishing.t_fish WHERE fish_name = '",A5,"'") -> SELECT fish_id FROM fishing.t_fish WHERE fish_name = 'Northern Archerfish' | J5: =_xlfn.CONCAT("((",I5,"),","'",B5,"',","'",H5,"',",C5,",",D5,",",E5,",",F5,",",G5,"),") -> ((SELECT fish_id FROM fishing.t_fish WHERE fish_name = 'Northern Archerfish'),'Northern Clawfish','Its fin mutated to have a razor-sharp claw to penetrate the mouth of a fish unfortunate enough to eat it.',0.4,0.3,2.2,4.5,47),
A6: Black Bream | B6: Black-Scale Bream | C6: 0.3 | D6: 0.7 | E6: 5 | F6: 17 | G6: 39 | H6: The scale of this fish mutated to have a scale similar to a dragon's, but not as hard. | I6: =_xlfn.CONCAT("SELECT fish_id FROM fishing.t_fish WHERE fish_name = '",A6,"'") -> SELECT fish_id FROM fishing.t_fish WHERE fish_name = 'Black Bream' | J6: =_xlfn.CONCAT("((",I6,"),","'",B6,"',","'",H6,"',",C6,",",D6,",",E6,",",F6,",",G6,"),") -> ((SELECT fish_id FROM fishing.t_fish WHERE fish_name = 'Black Bream'),'Black-Scale Bream','The scale of this fish mutated to have a scale similar to a dragon's, but not as hard.',0.3,0.7,5,17,39),
A7: Black Bream | B7: Moonlit Bream | C7: 0.7 | D7: 0.6 | E7: 3 | F7: 10 | G7: 24 | H7: Bream that hunt at night, using their faint glow to attract smaller fish to come closer. | I7: =_xlfn.CONCAT("SELECT fish_id FROM fishing.t_fish WHERE fish_name = '",A7,"'") -> SELECT fish_id FROM fishing.t_fish WHERE fish_name = 'Black Bream' | J7: =_xlfn.CONCAT("((",I7,"),","'",B7,"',","'",H7,"',",C7,",",D7,",",E7,",",F7,",",G7,"),") -> ((SELECT fish_id FROM fishing.t_fish WHERE fish_name = 'Black Bream'),'Moonlit Bream','Bream that hunt at night, using their faint glow to attract smaller fish to come closer.',0.7,0.6,3,10,24),
A8: Tarwhine Bream | B8: Mucus Bream | C8: 0.4 | D8: 0.5 | E8: 5 | F8: 15 | G8: 38 | H8: A mucus-covered bream makes its body sleek and slippery; it has a foul taste that discourage predators from eating it. | I8: =_xlfn.CONCAT("SELECT fish_id FROM fishing.t_fish WHERE fish_name = '",A8,"'") -> SELECT fish_id FROM fishing.t_fish WHERE fish_name = 'Tarwhine Bream' | J8: =_xlfn.CONCAT("((",I8,"),","'",B8,"',","'",H8,"',",C8,",",D8,",",E8,",",F8,",",G8,"),") -> ((SELECT fish_id FROM fishing.t_fish WHERE fish_name = 'Tarwhine Bream'),'Mucus Bream','A mucus-covered bream makes its body sleek and slippery; it has a foul taste that discourage predators from eating it.',0.4,0.5,5,15,38),
A9: Tarwhine Bream | B9: Dagger Fang Bream | C9: 0.6 | D9: 1 | E9: 9 | F9: 20 | G9: 60 | H9: A large bream with a dagger-sharp fang, because of this mutation, it became so aggressive that it would attack anything that moved in the water. | I9: =_xlfn.CONCAT("SELECT fish_id FROM fishing.t_fish WHERE fish_name = '",A9,"'") -> SELECT fish_id FROM fishing.t_fish WHERE fish_name = 'Tarwhine Bream' | J9: =_xlfn.CONCAT("((",I9,"),","'",B9,"',","'",H9,"',",C9,",",D9,",",E9,",",F9,",",G9,"),") -> ((SELECT fish_id FROM fishing.t_fish WHERE fish_name = 'Tarwhine Bream'),'Dagger Fang Bream','A large bream with a dagger-sharp fang, because of this mutation, it became so aggressive that it would attack anything that moved in the water.',0.6,1,9,20,60),
A10: Hardhead Catfish | B10: Helmet Catfish | C10: 0.9 | D10: 1 | E10: 4 | F10: 18 | G10: 52 | H10: A catfish that has a head as hard as a soldier's helmet, designed to ram into prey. | I10: =_xlfn.CONCAT("SELECT fish_id FROM fishing.t_fish WHERE fish_name = '",A10,"'") -> SELECT fish_id FROM fishing.t_fish WHERE fish_name = 'Hardhead Catfish' | J10: =_xlfn.CONCAT("((",I10,"),","'",B10,"',","'",H10,"',",C10,",",D10,",",E10,",",F10,",",G10,"),") -> ((SELECT fish_id FROM fishing.t_fish WHERE fish_name = 'Hardhead Catfish'),'Helmet Catfish','A catfish that has a head as hard as a soldier's helmet, designed to ram into prey.',0.9,1,4,18,52),
A11: Hardhead Catfish | B11: Mana-Whiskered Catfish | C11: 0.1 | D11: 0.7 | E11: 3.8 | F11: 12 | G11: 38 | H11: Its whiskers can detect the slightest change in the water, making it extremely hard to catch. | I11: =_xlfn.CONCAT("SELECT fish_id FROM fishing.t_fish WHERE fish_name = '",A11,"'") -> SELECT fish_id FROM fishing.t_fish WHERE fish_name = 'Hardhead Catfish' | J11: =_xlfn.CONCAT("((",I11,"),","'",B11,"',","'",H11,"',",C11,",",D11,",",E11,",",F11,",",G11,"),") -> ((SELECT fish_id FROM fishing.t_fish WHERE fish_name = 'Hardhead Catfish'),'Mana-Whiskered Catfish','Its whiskers can detect the slightest change in the water, making it extremely hard to catch.',0.1,0.7,3.8,12,38),
A12: Gafftopsail Catfish | B12: Bloodeye Catfish | C12: 0.3 | D12: 0.7 | E12: 3 | F12: 7 | G12: 26 | H12: This catfish has a red eye that enables it to see exceptionally well in a low-light area. Fishermen usually save its eyes for luck. | I12: =_xlfn.CONCAT("SELECT fish_id FROM fishing.t_fish WHERE fish_name = '",A12,"'") -> SELECT fish_id FROM fishing.t_fish WHERE fish_name = 'Gafftopsail Catfish' | J12: =_xlfn.CONCAT("((",I12,"),","'",B12,"',","'",H12,"',",C12,",",D12,",",E12,",",F12,",",G12,"),") -> ((SELECT fish_id FROM fishing.t_fish WHERE fish_name = 'Gafftopsail Catfish'),'Bloodeye Catfish','This catfish has a red eye that enables it to see exceptionally well in a low-light area. Fishermen usually save its eyes for luck.',0.3,0.7,3,7,26),
A13: Gafftopsail Catfish | B13: Venomous Catfish | C13: 0.7 | D13: 1.5 | E13: 4.5 | F13: 15 | G13: 45 | H13: Its tail fin becomes so venomous that its venom has claimed many careless fishermen. | I13: =_xlfn.CONCAT("SELECT fish_id FROM fishing.t_fish WHERE fish_name = '",A13,"'") -> SELECT fish_id FROM fishing.t_fish WHERE fish_name = 'Gafftopsail Catfish' | J13: =_xlfn.CONCAT("((",I13,"),","'",B13,"',","'",H13,"',",C13,",",D13,",",E13,",",F13,",",G13,"),") -> ((SELECT fish_id FROM fishing.t_fish WHERE fish_name = 'Gafftopsail Catfish'),'Venomous Catfish','Its tail fin becomes so venomous that its venom has claimed many careless fishermen.',0.7,1.5,4.5,15,45),
A14: Green Chromide | B14: Blinded Chromide | C14: 0.2 | D14: 0.1 | E14: 1 | F14: 3 | G14: 10 | H14: The eyes of this fish are cloudy, making it have terrible eyesight, but in return, the fish is incredible sensitive to mana fluctuation and changes in water. | I14: =_xlfn.CONCAT("SELECT fish_id FROM fishing.t_fish WHERE fish_name = '",A14,"'") -> SELECT fish_id FROM fishing.t_fish WHERE fish_name = 'Green Chromide' | J14: =_xlfn.CONCAT("((",I14,"),","'",B14,"',","'",H14,"',",C14,",",D14,",",E14,",",F14,",",G14,"),") -> ((SELECT fish_id FROM fishing.t_fish WHERE fish_name = 'Green Chromide'),'Blinded Chromide','The eyes of this fish are cloudy, making it have terrible eyesight, but in return, the fish is incredible sensitive to mana fluctuation and changes in water.',0.2,0.1,1,3,10),
A15: Green Chromide | B15: Frenzied Chromide | C15: 0.8 | D15: 0.2 | E15: 2.5 | F15: 8 | G15: 35 | H15: The mana made this fish go into a frenzy whenever it smelled blood from the water, attacking everthing near the blood. | I15: =_xlfn.CONCAT("SELECT fish_id FROM fishing.t_fish WHERE fish_name = '",A15,"'") -> SELECT fish_id FROM fishing.t_fish WHERE fish_name = 'Green Chromide' | J15: =_xlfn.CONCAT("((",I15,"),","'",B15,"',","'",H15,"',",C15,",",D15,",",E15,",",F15,",",G15,"),") -> ((SELECT fish_id FROM fishing.t_fish WHERE fish_name = 'Green Chromide'),'Frenzied Chromide','The mana made this fish go into a frenzy whenever it smelled blood from the water, attacking everthing near the blood.',0.8,0.2,2.5,8,35),
A16: Orange Chromide | B16: Giant Orange Chromide | C16: 0.6 | D16: 1 | E16: 2 | F16: 5 | G16: 20 | H16: This fish became so big because of mana circulating through its body; it has also become carnivorous. | I16: =_xlfn.CONCAT("SELECT fish_id FROM fishing.t_fish WHERE fish_name = '",A16,"'") -> SELECT fish_id FROM fishing.t_fish WHERE fish_name = 'Orange Chromide' | J16: =_xlfn.CONCAT("((",I16,"),","'",B16,"',","'",H16,"',",C16,",",D16,",",E16,",",F16,",",G16,"),") -> ((SELECT fish_id FROM fishing.t_fish WHERE fish_name = 'Orange Chromide'),'Giant Orange Chromide','This fish became so big because of mana circulating through its body; it has also become carnivorous.',0.6,1,2,5,20),
A17: Orange Chromide | B17: Loosejaw Chromide | C17: 0.4 | D17: 0.1 | E17: 0.5 | F17: 1 | G17: 7 | H17: Its jaw can open so wide, it can swallow fish bigger than its body weight. | I17: =_xlfn.CONCAT("SELECT fish_id FROM fishing.t_fish WHERE fish_name = '",A17,"'") -> SELECT fish_id FROM fishing.t_fish WHERE fish_name = 'Orange Chromide' | J17: =_xlfn.CONCAT("((",I17,"),","'",B17,"',","'",H17,"',",C17,",",D17,",",E17,",",F17,",",G17,"),") -> ((SELECT fish_id FROM fishing.t_fish WHERE fish_name = 'Orange Chromide'),'Loosejaw Chromide','Its jaw can open so wide, it can swallow fish bigger than its body weight.',0.4,0.1,0.5,1,7),
A18: Blue Tilapia | B18: Frostblood Tilapia | C18: 0.3 | D18: 0.6 | E18: 4 | F18: 8 | G18: 50 | H18: This tilapia has a body temperature lower than the water around it; its body can cause frostbite if held too long. | I18: =_xlfn.CONCAT("SELECT fish_id FROM fishing.t_fish WHERE fish_name = '",A18,"'") -> SELECT fish_id FROM fishing.t_fish WHERE fish_name = 'Blue Tilapia' | J18: =_xlfn.CONCAT("((",I18,"),","'",B18,"',","'",H18,"',",C18,",",D18,",",E18,",",F18,",",G18,"),") -> ((SELECT fish_id FROM fishing.t_fish WHERE fish_name = 'Blue Tilapia'),'Frostblood Tilapia','This tilapia has a body temperature lower than the water around it; its body can cause frostbite if held too long.',0.3,0.6,4,8,50),
A19: Blue Tilapia | B19: Scaly Tilapia | C19: 0.7 | D19: 0.7 | E19: 6 | F19: 10 | G19: 45 | H19: This fish evolves to have harder scales; its hardened scales protect it from larger predators while also reflecting sunlight with a metallic sheen. | I19: =_xlfn.CONCAT("SELECT fish_id FROM fishing.t_fish WHERE fish_name = '",A19,"'") -> SELECT fish_id FROM fishing.t_fish WHERE fish_name = 'Blue Tilapia' | J19: =_xlfn.CONCAT("((",I19,"),","'",B19,"',","'",H19,"',",C19,",",D19,",",E19,",",F19,",",G19,"),") -> ((SELECT fish_id FROM fishing.t_fish WHERE fish_name = 'Blue Tilapia'),'Scaly Tilapia','This fish evolves to have harder scales; its hardened scales protect it from larger predators while also reflecting sunlight with a metallic sheen.',0.7,0.7,6,10,45),
A20: Black Tilapia | B20: Bladed Spine Tilapia | C20: 0.4 | D20: 0.6 | E20: 3.5 | F20: 7 | G20: 55 | H20: Mana reinforced its upper fin until it hardened into a blade-like fin. This fish can sometimes be seen fighting with another species for territory. | I20: =_xlfn.CONCAT("SELECT fish_id FROM fishing.t_fish WHERE fish_name = '",A20,"'") -> SELECT fish_id FROM fishing.t_fish WHERE fish_name = 'Black Tilapia' | J20: =_xlfn.CONCAT("((",I20,"),","'",B20,"',","'",H20,"',",C20,",",D20,",",E20,",",F20,",",G20,"),") -> ((SELECT fish_id FROM fishing.t_fish WHERE fish_name = 'Black Tilapia'),'Bladed Spine Tilapia','Mana reinforced its upper fin until it hardened into a blade-like fin. This fish can sometimes be seen fighting with another species for territory.',0.4,0.6,3.5,7,55),
A21: Black Tilapia | B21: Hookfin Tilapia | C21: 0.6 | D21: 1 | E21: 3 | F21: 8 | G21: 42 | H21: With its hooked fin, this fish hunts its prey by chasing it and slashing the prey before devouring it. | I21: =_xlfn.CONCAT("SELECT fish_id FROM fishing.t_fish WHERE fish_name = '",A21,"'") -> SELECT fish_id FROM fishing.t_fish WHERE fish_name = 'Black Tilapia' | J21: =_xlfn.CONCAT("((",I21,"),","'",B21,"',","'",H21,"',",C21,",",D21,",",E21,",",F21,",",G21,"),") -> ((SELECT fish_id FROM fishing.t_fish WHERE fish_name = 'Black Tilapia'),'Hookfin Tilapia','With its hooked fin, this fish hunts its prey by chasing it and slashing the prey before devouring it.',0.6,1,3,8,42),
A22: Hogchoker | B22: Sandy Hogchoker | C22: 0.6 | D22: 0.3 | E22: 0.8 | F22: 3 | G22: 22 | H22: This hogchoker can camouflage itself with the surrounding area, preferably sandy or muddy water. | I22: =_xlfn.CONCAT("SELECT fish_id FROM fishing.t_fish WHERE fish_name = '",A22,"'") -> SELECT fish_id FROM fishing.t_fish WHERE fish_name = 'Hogchoker' | J22: =_xlfn.CONCAT("((",I22,"),","'",B22,"',","'",H22,"',",C22,",",D22,",",E22,",",F22,",",G22,"),") -> ((SELECT fish_id FROM fishing.t_fish WHERE fish_name = 'Hogchoker'),'Sandy Hogchoker','This hogchoker can camouflage itself with the surrounding area, preferably sandy or muddy water.',0.6,0.3,0.8,3,22),
A23: Hogchoker | B23: Venomous Hogchoker | C23: 0.4 | D23: 0.2 | E23: 1 | F23: 6 | G23: 30 | H23: Its skin have a tiny needles on its skin, whenever something or someone even touches it, it will inject a deadly toxin that clogs the blood. | I23: =_xlfn.CONCAT("SELECT fish_id FROM fishing.t_fish WHERE fish_name = '",A23,"'") -> SELECT fish_id FROM fishing.t_fish WHERE fish_name = 'Hogchoker' | J23: =_xlfn.CONCAT("((",I23,"),","'",B23,"',","'",H23,"',",C23,",",D23,",",E23,",",F23,",",G23,"),") -> ((SELECT fish_id FROM fishing.t_fish WHERE fish_name = 'Hogchoker'),'Venomous Hogchoker','Its skin have a tiny needles on its skin, whenever something or someone even touches it, it will inject a deadly toxin that clogs the blood.',0.4,0.2,1,6,30),
A24: Four-eyed Fish | B24: Lightning-eyes Fish | C24: 0.3 | D24: 0.1 | E24: 1 | F24: 5 | G24: 30 | H24: This fish swam so fast, its explosive burst of speed makes it nearly impossible to follow with the naked eye. | I24: =_xlfn.CONCAT("SELECT fish_id FROM fishing.t_fish WHERE fish_name = '",A24,"'") -> SELECT fish_id FROM fishing.t_fish WHERE fish_name = 'Four-eyed Fish' | J24: =_xlfn.CONCAT("((",I24,"),","'",B24,"',","'",H24,"',",C24,",",D24,",",E24,",",F24,",",G24,"),") -> ((SELECT fish_id FROM fishing.t_fish WHERE fish_name = 'Four-eyed Fish'),'Lightning-eyes Fish','This fish swam so fast, its explosive burst of speed makes it nearly impossible to follow with the naked eye.',0.3,0.1,1,5,30),
A25: Four-eyed Fish | B25: Six-eyed Fish | C25: 0.7 | D25: 0.2 | E25: 1.1 | F25: 6 | G25: 31 | H25: The extra pair of eyes made this fish have 360° eyesight. Its expanded field of vision allows it to detect predators and prey from almost any direction. | I25: =_xlfn.CONCAT("SELECT fish_id FROM fishing.t_fish WHERE fish_name = '",A25,"'") -> SELECT fish_id FROM fishing.t_fish WHERE fish_name = 'Four-eyed Fish' | J25: =_xlfn.CONCAT("((",I25,"),","'",B25,"',","'",H25,"',",C25,",",D25,",",E25,",",F25,",",G25,"),") -> ((SELECT fish_id FROM fishing.t_fish WHERE fish_name = 'Four-eyed Fish'),'Six-eyed Fish','The extra pair of eyes made this fish have 360° eyesight. Its expanded field of vision allows it to detect predators and prey from almost any direction.',0.7,0.2,1.1,6,31),
A26: Giant Mudskipper | B26: Sawtoothed Mudskipper | C26: 0.2 | D26: 0.2 | E26: 1.2 | F26: 7 | G26: 30 | H26: This mudskipper use it tooth to saw into the roots of a tree near the water, eating the root bit by bit. | I26: =_xlfn.CONCAT("SELECT fish_id FROM fishing.t_fish WHERE fish_name = '",A26,"'") -> SELECT fish_id FROM fishing.t_fish WHERE fish_name = 'Giant Mudskipper' | J26: =_xlfn.CONCAT("((",I26,"),","'",B26,"',","'",H26,"',",C26,",",D26,",",E26,",",F26,",",G26,"),") -> ((SELECT fish_id FROM fishing.t_fish WHERE fish_name = 'Giant Mudskipper'),'Sawtoothed Mudskipper','This mudskipper use it tooth to saw into the roots of a tree near the water, eating the root bit by bit.',0.2,0.2,1.2,7,30),
A27: Giant Mudskipper | B27: Raksasa Mudskipper | C27: 0.8 | D27: 1 | E27: 3 | F27: 15 | G27: 59 | H27: This giant fish evolves to be bigger because of continuous exposure to mana. It moved from a small crab to bigger and bigger prey. | I27: =_xlfn.CONCAT("SELECT fish_id FROM fishing.t_fish WHERE fish_name = '",A27,"'") -> SELECT fish_id FROM fishing.t_fish WHERE fish_name = 'Giant Mudskipper' | J27: =_xlfn.CONCAT("((",I27,"),","'",B27,"',","'",H27,"',",C27,",",D27,",",E27,",",F27,",",G27,"),") -> ((SELECT fish_id FROM fishing.t_fish WHERE fish_name = 'Giant Mudskipper'),'Raksasa Mudskipper','This giant fish evolves to be bigger because of continuous exposure to mana. It moved from a small crab to bigger and bigger prey.',0.8,1,3,15,59),
A28: Dragon Goby | B28: Poison-skin Goby | C28: 0.4 | D28: 0.1 | E28: 0.5 | F28: 7 | G28: 55 | H28: The skin of this goby is covered with a potent poison, one of the deadliest toxins among freshwater fish | I28: =_xlfn.CONCAT("SELECT fish_id FROM fishing.t_fish WHERE fish_name = '",A28,"'") -> SELECT fish_id FROM fishing.t_fish WHERE fish_name = 'Dragon Goby' | J28: =_xlfn.CONCAT("((",I28,"),","'",B28,"',","'",H28,"',",C28,",",D28,",",E28,",",F28,",",G28,"),") -> ((SELECT fish_id FROM fishing.t_fish WHERE fish_name = 'Dragon Goby'),'Poison-skin Goby','The skin of this goby is covered with a potent poison, one of the deadliest toxins among freshwater fish',0.4,0.1,0.5,7,55),
A29: Dragon Goby | B29: Flaming Goby | C29: 0.6 | D29: 0.2 | E29: 0.8 | F29: 9 | G29: 65 | H29: This goby can raise its body temperature enough to scald nearby predators that dare to bite it. | I29: =_xlfn.CONCAT("SELECT fish_id FROM fishing.t_fish WHERE fish_name = '",A29,"'") -> SELECT fish_id FROM fishing.t_fish WHERE fish_name = 'Dragon Goby' | J29: =_xlfn.CONCAT("((",I29,"),","'",B29,"',","'",H29,"',",C29,",",D29,",",E29,",",F29,",",G29,"),") -> ((SELECT fish_id FROM fishing.t_fish WHERE fish_name = 'Dragon Goby'),'Flaming Goby','This goby can raise its body temperature enough to scald nearby predators that dare to bite it.',0.6,0.2,0.8,9,65),
A30: Knight Goby | B30: Soldier Goby | C30: 0.5 | D30: 0.1 | E30: 1.3 | F30: 1.2 | G30: 9.2 | H30: The territorial behaviour of this fish became so intense that it will relentlessly patrol and defend their territory no matter how big the predators are. | I30: =_xlfn.CONCAT("SELECT fish_id FROM fishing.t_fish WHERE fish_name = '",A30,"'") -> SELECT fish_id FROM fishing.t_fish WHERE fish_name = 'Knight Goby' | J30: =_xlfn.CONCAT("((",I30,"),","'",B30,"',","'",H30,"',",C30,",",D30,",",E30,",",F30,",",G30,"),") -> ((SELECT fish_id FROM fishing.t_fish WHERE fish_name = 'Knight Goby'),'Soldier Goby','The territorial behaviour of this fish became so intense that it will relentlessly patrol and defend their territory no matter how big the predators are.',0.5,0.1,1.3,1.2,9.2),
A31: Knight Goby | B31: Stonehide Goby | C31: 0.5 | D31: 0.2 | E31: 1.2 | F31: 0.9 | G31: 8.5 | H31: Its scales become as hard as a rock, a hammer sometime need to be used to even descale it. | I31: =_xlfn.CONCAT("SELECT fish_id FROM fishing.t_fish WHERE fish_name = '",A31,"'") -> SELECT fish_id FROM fishing.t_fish WHERE fish_name = 'Knight Goby' | J31: =_xlfn.CONCAT("((",I31,"),","'",B31,"',","'",H31,"',",C31,",",D31,",",E31,",",F31,",",G31,"),") -> ((SELECT fish_id FROM fishing.t_fish WHERE fish_name = 'Knight Goby'),'Stonehide Goby','Its scales become as hard as a rock, a hammer sometime need to be used to even descale it.',0.5,0.2,1.2,0.9,8.5),
A32: Bumblebee Goby | B32: Antler Goby | C32: 0.4 | D32: 0.3 | E32: 2 | F32: 2 | G32: 8 | H32: It has a large horn resembling a deer antler in front of its head, used to dig a hole and ram a predator that got too close. | I32: =_xlfn.CONCAT("SELECT fish_id FROM fishing.t_fish WHERE fish_name = '",A32,"'") -> SELECT fish_id FROM fishing.t_fish WHERE fish_name = 'Bumblebee Goby' | J32: =_xlfn.CONCAT("((",I32,"),","'",B32,"',","'",H32,"',",C32,",",D32,",",E32,",",F32,",",G32,"),") -> ((SELECT fish_id FROM fishing.t_fish WHERE fish_name = 'Bumblebee Goby'),'Antler Goby','It has a large horn resembling a deer antler in front of its head, used to dig a hole and ram a predator that got too close.',0.4,0.3,2,2,8),
A33: Bumblebee Goby | B33: Poison-ring Goby | C33: 0.6 | D33: 0.2 | E33: 1.5 | F33: 1.5 | G33: 6 | H33: At first glance, this goby doesn't seem dangerous, but it has one of the deadliest poisons surrounding the body. | I33: =_xlfn.CONCAT("SELECT fish_id FROM fishing.t_fish WHERE fish_name = '",A33,"'") -> SELECT fish_id FROM fishing.t_fish WHERE fish_name = 'Bumblebee Goby' | J33: =_xlfn.CONCAT("((",I33,"),","'",B33,"',","'",H33,"',",C33,",",D33,",",E33,",",F33,",",G33,"),") -> ((SELECT fish_id FROM fishing.t_fish WHERE fish_name = 'Bumblebee Goby'),'Poison-ring Goby','At first glance, this goby doesn't seem dangerous, but it has one of the deadliest poisons surrounding the body.',0.6,0.2,1.5,1.5,6),
A34: Marble Goby | B34: Gleaming Goby | C34: 0.9 | D34: 1.2 | E34: 8.3 | F34: 12.3 | G34: 67.5 | H34: This white colored goby is an aggressive goby that will attack anything that it thinks would pose a threat to its territory. | I34: =_xlfn.CONCAT("SELECT fish_id FROM fishing.t_fish WHERE fish_name = '",A34,"'") -> SELECT fish_id FROM fishing.t_fish WHERE fish_name = 'Marble Goby' | J34: =_xlfn.CONCAT("((",I34,"),","'",B34,"',","'",H34,"',",C34,",",D34,",",E34,",",F34,",",G34,"),") -> ((SELECT fish_id FROM fishing.t_fish WHERE fish_name = 'Marble Goby'),'Gleaming Goby','This white colored goby is an aggressive goby that will attack anything that it thinks would pose a threat to its territory.',0.9,1.2,8.3,12.3,67.5),
A35: Marble Goby | B35: Mugwort Goby | C35: 0.1 | D35: 2 | E35: 15 | F35: 20 | G35: 100 | H35: A highly prized fish among the nobles of Rosegleam, this fish is believed to ease chronic pain and restore vitality. While some nobles reported positive changes in their body, the long-term effects remain poorly understood, as few people can even afford to eat it. | I35: =_xlfn.CONCAT("SELECT fish_id FROM fishing.t_fish WHERE fish_name = '",A35,"'") -> SELECT fish_id FROM fishing.t_fish WHERE fish_name = 'Marble Goby' | J35: =_xlfn.CONCAT("((",I35,"),","'",B35,"',","'",H35,"',",C35,",",D35,",",E35,",",F35,",",G35,"),") -> ((SELECT fish_id FROM fishing.t_fish WHERE fish_name = 'Marble Goby'),'Mugwort Goby','A highly prized fish among the nobles of Rosegleam, this fish is believed to ease chronic pain and restore vitality. While some nobles reported positive changes in their body, the long-term effects remain poorly understood, as few people can even afford to eat it.',0.1,2,15,20,100),
A36: Wrestling Halfbeak | B36: Charred Halfbeak | C36: 0.4 | D36: 0.1 | E36: 0.2 | F36: 0.9 | G36: 6 | H36: Mana contamination is slowly making its body decay from within. The charred flesh began to peel from its body and detach; it instinctively fed on its own rotting flesh, delaying its inevitable death. | I36: =_xlfn.CONCAT("SELECT fish_id FROM fishing.t_fish WHERE fish_name = '",A36,"'") -> SELECT fish_id FROM fishing.t_fish WHERE fish_name = 'Wrestling Halfbeak' | J36: =_xlfn.CONCAT("((",I36,"),","'",B36,"',","'",H36,"',",C36,",",D36,",",E36,",",F36,",",G36,"),") -> ((SELECT fish_id FROM fishing.t_fish WHERE fish_name = 'Wrestling Halfbeak'),'Charred Halfbeak','Mana contamination is slowly making its body decay from within. The charred flesh began to peel from its body and detach; it instinctively fed on its own rotting flesh, delaying its inevitable death.',0.4,0.1,0.2,0.9,6),
A37: Wrestling Halfbeak | B37: Spear-jaw Halfbeak | C37: 0.6 | D37: 0.3 | E37: 0.6 | F37: 1.3 | G37: 9 | H37: Its lower jaw evolved to become as sharp as a spear. It kills its prey by swimming really fast and impaling them, then slowly eating the prey when it is stuck on its jaw. | I37: =_xlfn.CONCAT("SELECT fish_id FROM fishing.t_fish WHERE fish_name = '",A37,"'") -> SELECT fish_id FROM fishing.t_fish WHERE fish_name = 'Wrestling Halfbeak' | J37: =_xlfn.CONCAT("((",I37,"),","'",B37,"',","'",H37,"',",C37,",",D37,",",E37,",",F37,",",G37,"),") -> ((SELECT fish_id FROM fishing.t_fish WHERE fish_name = 'Wrestling Halfbeak'),'Spear-jaw Halfbeak','Its lower jaw evolved to become as sharp as a spear. It kills its prey by swimming really fast and impaling them, then slowly eating the prey when it is stuck on its jaw.',0.6,0.3,0.6,1.3,9),
A38: Milkfish | B38: Cheesefish | C38: 0.6 | D38: 1.3 | E38: 23 | F38: 50 | G38: 130 | H38: The flesh of this fish emits a pungent odor resembling aged cheese. The smell attracts smaller school fish, providing it with an endless supply of prey, but the downside, it also draws a bigger predator to its location. | I38: =_xlfn.CONCAT("SELECT fish_id FROM fishing.t_fish WHERE fish_name = '",A38,"'") -> SELECT fish_id FROM fishing.t_fish WHERE fish_name = 'Milkfish' | J38: =_xlfn.CONCAT("((",I38,"),","'",B38,"',","'",H38,"',",C38,",",D38,",",E38,",",F38,",",G38,"),") -> ((SELECT fish_id FROM fishing.t_fish WHERE fish_name = 'Milkfish'),'Cheesefish','The flesh of this fish emits a pungent odor resembling aged cheese. The smell attracts smaller school fish, providing it with an endless supply of prey, but the downside, it also draws a bigger predator to its location.',0.6,1.3,23,50,130),
A39: Milkfish | B39: Butterfish | C39: 0.4 | D39: 1.5 | E39: 25 | F39: 70 | G39: 200 | H39: The flesh of this fish has been altered by mana, making it unusually rich and buttery. Despite its tender meat, its behavior is nothing but aggressive; it will attack anything that even comes too close to its territory. | I39: =_xlfn.CONCAT("SELECT fish_id FROM fishing.t_fish WHERE fish_name = '",A39,"'") -> SELECT fish_id FROM fishing.t_fish WHERE fish_name = 'Milkfish' | J39: =_xlfn.CONCAT("((",I39,"),","'",B39,"',","'",H39,"',",C39,",",D39,",",E39,",",F39,",",G39,"),") -> ((SELECT fish_id FROM fishing.t_fish WHERE fish_name = 'Milkfish'),'Butterfish','The flesh of this fish has been altered by mana, making it unusually rich and buttery. Despite its tender meat, its behavior is nothing but aggressive; it will attack anything that even comes too close to its territory.',0.4,1.5,25,70,200),
A40: Tidehaven Moony | B40: Steamgill Moony | C40: 0.2 | D40: 0.2 | E40: 1.1 | F40: 6 | G40: 20 | H40: A schooling fish that releases a hot steam out of their gill to deter predators that come close to it. When the predator gets confused, it will bolt out and escape. | I40: =_xlfn.CONCAT("SELECT fish_id FROM fishing.t_fish WHERE fish_name = '",A40,"'") -> SELECT fish_id FROM fishing.t_fish WHERE fish_name = 'Tidehaven Moony' | J40: =_xlfn.CONCAT("((",I40,"),","'",B40,"',","'",H40,"',",C40,",",D40,",",E40,",",F40,",",G40,"),") -> ((SELECT fish_id FROM fishing.t_fish WHERE fish_name = 'Tidehaven Moony'),'Steamgill Moony','A schooling fish that releases a hot steam out of their gill to deter predators that come close to it. When the predator gets confused, it will bolt out and escape.',0.2,0.2,1.1,6,20),
A41: Tidehaven Moony | B41: Hog Moony | C41: 0.8 | D41: 0.2 | E41: 1.2 | F41: 8 | G41: 27 | H41: The mana inside this fish makes its scent sensory go into overdrive; it can no longer detect prey or predator, and they will attack anything that they can smell. | I41: =_xlfn.CONCAT("SELECT fish_id FROM fishing.t_fish WHERE fish_name = '",A41,"'") -> SELECT fish_id FROM fishing.t_fish WHERE fish_name = 'Tidehaven Moony' | J41: =_xlfn.CONCAT("((",I41,"),","'",B41,"',","'",H41,"',",C41,",",D41,",",E41,",",F41,",",G41,"),") -> ((SELECT fish_id FROM fishing.t_fish WHERE fish_name = 'Tidehaven Moony'),'Hog Moony','The mana inside this fish makes its scent sensory go into overdrive; it can no longer detect prey or predator, and they will attack anything that they can smell.',0.8,0.2,1.2,8,27),
A42: Silver Moony | B42: Bladedfin Moony | C42: 0.4 | D42: 0.1 | E42: 1.2 | F42: 5.2 | G42: 29 | H42: Its fin evolves into a sharp blade like a knife. This fish surrounds its prey and slowly slashes them, and eats the chunks that fly out. | I42: =_xlfn.CONCAT("SELECT fish_id FROM fishing.t_fish WHERE fish_name = '",A42,"'") -> SELECT fish_id FROM fishing.t_fish WHERE fish_name = 'Silver Moony' | J42: =_xlfn.CONCAT("((",I42,"),","'",B42,"',","'",H42,"',",C42,",",D42,",",E42,",",F42,",",G42,"),") -> ((SELECT fish_id FROM fishing.t_fish WHERE fish_name = 'Silver Moony'),'Bladedfin Moony','Its fin evolves into a sharp blade like a knife. This fish surrounds its prey and slowly slashes them, and eats the chunks that fly out.',0.4,0.1,1.2,5.2,29),
A43: Silver Moony | B43: Radiance Moony | C43: 0.6 | D43: 0.2 | E43: 1.5 | F43: 6 | G43: 30 | H43: This fish can generate light by manipulating mana inside of them when they feel threatened and hunting. They will surround their prey and then eat them when paralyzed. | I43: =_xlfn.CONCAT("SELECT fish_id FROM fishing.t_fish WHERE fish_name = '",A43,"'") -> SELECT fish_id FROM fishing.t_fish WHERE fish_name = 'Silver Moony' | J43: =_xlfn.CONCAT("((",I43,"),","'",B43,"',","'",H43,"',",C43,",",D43,",",E43,",",F43,",",G43,"),") -> ((SELECT fish_id FROM fishing.t_fish WHERE fish_name = 'Silver Moony'),'Radiance Moony','This fish can generate light by manipulating mana inside of them when they feel threatened and hunting. They will surround their prey and then eat them when paralyzed.',0.6,0.2,1.5,6,30),
A44: Striped Mullet | B44: Paunch Mullet | C44: 0.5 | D44: 2 | E44: 10 | F44: 21 | G44: 97 | H44: Its brain has been manipulated so much by mana that it can't feel full anymore, it will keep eating until its belly bursts. | I44: =_xlfn.CONCAT("SELECT fish_id FROM fishing.t_fish WHERE fish_name = '",A44,"'") -> SELECT fish_id FROM fishing.t_fish WHERE fish_name = 'Striped Mullet' | J44: =_xlfn.CONCAT("((",I44,"),","'",B44,"',","'",H44,"',",C44,",",D44,",",E44,",",F44,",",G44,"),") -> ((SELECT fish_id FROM fishing.t_fish WHERE fish_name = 'Striped Mullet'),'Paunch Mullet','Its brain has been manipulated so much by mana that it can't feel full anymore, it will keep eating until its belly bursts.',0.5,2,10,21,97),
A45: Striped Mullet | B45: Fireblood Mullet | C45: 0.5 | D45: 1.6 | E45: 9 | F45: 25 | G45: 110 | H45: The blood inside this fish is warmer than the surrounding water, which enables it to move even in a colder environment without any troubles. | I45: =_xlfn.CONCAT("SELECT fish_id FROM fishing.t_fish WHERE fish_name = '",A45,"'") -> SELECT fish_id FROM fishing.t_fish WHERE fish_name = 'Striped Mullet' | J45: =_xlfn.CONCAT("((",I45,"),","'",B45,"',","'",H45,"',",C45,",",D45,",",E45,",",F45,",",G45,"),") -> ((SELECT fish_id FROM fishing.t_fish WHERE fish_name = 'Striped Mullet'),'Fireblood Mullet','The blood inside this fish is warmer than the surrounding water, which enables it to move even in a colder environment without any troubles.',0.5,1.6,9,25,110),
A46: Needlefish | B46: Leaping Needlefish | C46: 0.4 | D46: 0.1 | E46: 1 | F46: 4 | G46: 32 | H46: This fish has a behaviour of jumping into the air to hunt small birds that get too close to the surface of the water. Because of this, fishermen sometimes get hurt because of their sharp fin. | I46: =_xlfn.CONCAT("SELECT fish_id FROM fishing.t_fish WHERE fish_name = '",A46,"'") -> SELECT fish_id FROM fishing.t_fish WHERE fish_name = 'Needlefish' | J46: =_xlfn.CONCAT("((",I46,"),","'",B46,"',","'",H46,"',",C46,",",D46,",",E46,",",F46,",",G46,"),") -> ((SELECT fish_id FROM fishing.t_fish WHERE fish_name = 'Needlefish'),'Leaping Needlefish','This fish has a behaviour of jumping into the air to hunt small birds that get too close to the surface of the water. Because of this, fishermen sometimes get hurt because of their sharp fin.',0.4,0.1,1,4,32),
A47: Needlefish | B47: Rapierfish | C47: 0.6 | D47: 0.1 | E47: 0.7 | F47: 4 | G47: 35 | H47: The jaw of this fish has evolved into a sharp point when their mouth closes, usually used by them to fight predators and their own kind for territory. | I47: =_xlfn.CONCAT("SELECT fish_id FROM fishing.t_fish WHERE fish_name = '",A47,"'") -> SELECT fish_id FROM fishing.t_fish WHERE fish_name = 'Needlefish' | J47: =_xlfn.CONCAT("((",I47,"),","'",B47,"',","'",H47,"',",C47,",",D47,",",E47,",",F47,",",G47,"),") -> ((SELECT fish_id FROM fishing.t_fish WHERE fish_name = 'Needlefish'),'Rapierfish','The jaw of this fish has evolved into a sharp point when their mouth closes, usually used by them to fight predators and their own kind for territory.',0.6,0.1,0.7,4,35),
A48: Mangrove Jack | B48: Megamouth Jack | C48: 0.6 | D48: 2.5 | E48: 18 | F48: 50 | G48: 175 | H48: This fish evolved to eat almost nothing but plankton, but they occasionally eat smaller fish that got suck by their mouth too. | I48: =_xlfn.CONCAT("SELECT fish_id FROM fishing.t_fish WHERE fish_name = '",A48,"'") -> SELECT fish_id FROM fishing.t_fish WHERE fish_name = 'Mangrove Jack' | J48: =_xlfn.CONCAT("((",I48,"),","'",B48,"',","'",H48,"',",C48,",",D48,",",E48,",",F48,",",G48,"),") -> ((SELECT fish_id FROM fishing.t_fish WHERE fish_name = 'Mangrove Jack'),'Megamouth Jack','This fish evolved to eat almost nothing but plankton, but they occasionally eat smaller fish that got suck by their mouth too.',0.6,2.5,18,50,175),
A49: Mangrove Jack | B49: Giant Mangrove Jack | C49: 0.4 | D49: 4.6 | E49: 27 | F49: 80 | G49: 200 | H49: Mana exposure causes this fish to grow bigger and bigger; the more condensed the mana around their habitat, the bigger it gets. | I49: =_xlfn.CONCAT("SELECT fish_id FROM fishing.t_fish WHERE fish_name = '",A49,"'") -> SELECT fish_id FROM fishing.t_fish WHERE fish_name = 'Mangrove Jack' | J49: =_xlfn.CONCAT("((",I49,"),","'",B49,"',","'",H49,"',",C49,",",D49,",",E49,",",F49,",",G49,"),") -> ((SELECT fish_id FROM fishing.t_fish WHERE fish_name = 'Mangrove Jack'),'Giant Mangrove Jack','Mana exposure causes this fish to grow bigger and bigger; the more condensed the mana around their habitat, the bigger it gets.',0.4,4.6,27,80,200),
A50: Common Bream | B50: Bronze-skin Bream | C50: 0.4 | D50: 5 | E50: 16 | F50: 32 | G50: 90 | H50: Its skin becomes hard as bronze; some smiths even use it as an alternative to real bronze. But, this fish skin is thinner than bronze, making the tools that use the skin easier to break. | I50: =_xlfn.CONCAT("SELECT fish_id FROM fishing.t_fish WHERE fish_name = '",A50,"'") -> SELECT fish_id FROM fishing.t_fish WHERE fish_name = 'Common Bream' | J50: =_xlfn.CONCAT("((",I50,"),","'",B50,"',","'",H50,"',",C50,",",D50,",",E50,",",F50,",",G50,"),") -> ((SELECT fish_id FROM fishing.t_fish WHERE fish_name = 'Common Bream'),'Bronze-skin Bream','Its skin becomes hard as bronze; some smiths even use it as an alternative to real bronze. But, this fish skin is thinner than bronze, making the tools that use the skin easier to break.',0.4,5,16,32,90),
A51: Common Bream | B51: Whiptail Bream | C51: 0.6 | D51: 6 | E51: 15 | F51: 25 | G51: 95 | H51: The tail elongated into a whip-like appendage that provided excellent maneuverability, allowing it to make a sudden change in its trajectory while chasing prey or escaping from predators. | I51: =_xlfn.CONCAT("SELECT fish_id FROM fishing.t_fish WHERE fish_name = '",A51,"'") -> SELECT fish_id FROM fishing.t_fish WHERE fish_name = 'Common Bream' | J51: =_xlfn.CONCAT("((",I51,"),","'",B51,"',","'",H51,"',",C51,",",D51,",",E51,",",F51,",",G51,"),") -> ((SELECT fish_id FROM fishing.t_fish WHERE fish_name = 'Common Bream'),'Whiptail Bream','The tail elongated into a whip-like appendage that provided excellent maneuverability, allowing it to make a sudden change in its trajectory while chasing prey or escaping from predators.',0.6,6,15,25,95),
A52: White Bream | B52: Rock-body Bream | C52: 0.8 | D52: 2 | E52: 5 | F52: 4.5 | G52: 7.5 | H52: Mana inside its body makes this fish's body hard as a rock; not only that, their body also weighs as heavy as a rock, which makes the fish almost incapable of swimming for too long. | I52: =_xlfn.CONCAT("SELECT fish_id FROM fishing.t_fish WHERE fish_name = '",A52,"'") -> SELECT fish_id FROM fishing.t_fish WHERE fish_name = 'White Bream' | J52: =_xlfn.CONCAT("((",I52,"),","'",B52,"',","'",H52,"',",C52,",",D52,",",E52,",",F52,",",G52,"),") -> ((SELECT fish_id FROM fishing.t_fish WHERE fish_name = 'White Bream'),'Rock-body Bream','Mana inside its body makes this fish's body hard as a rock; not only that, their body also weighs as heavy as a rock, which makes the fish almost incapable of swimming for too long.',0.8,2,5,4.5,7.5),
A53: White Bream | B53: Glass Bream | C53: 0.2 | D53: 0.5 | E53: 2.5 | F53: 4 | G53: 8 | H53: The mana circulating in its body makes the body of this bream nearly glass-like, making it hard for predators and even potential mates to see each other. | I53: =_xlfn.CONCAT("SELECT fish_id FROM fishing.t_fish WHERE fish_name = '",A53,"'") -> SELECT fish_id FROM fishing.t_fish WHERE fish_name = 'White Bream' | J53: =_xlfn.CONCAT("((",I53,"),","'",B53,"',","'",H53,"',",C53,",",D53,",",E53,",",F53,",",G53,"),") -> ((SELECT fish_id FROM fishing.t_fish WHERE fish_name = 'White Bream'),'Glass Bream','The mana circulating in its body makes the body of this bream nearly glass-like, making it hard for predators and even potential mates to see each other.',0.2,0.5,2.5,4,8),
A54: Vimba Bream | B54: Chirping Bream | C54: 0.1 | D54: 0.8 | E54: 2.3 | F54: 17 | G54: 52 | H54: Fishermen claim that at night, Nøkken will make a chirping sound to lure them into deeper water, until one day a scholar catches a fish that continues to chirp even when out of the water. | I54: =_xlfn.CONCAT("SELECT fish_id FROM fishing.t_fish WHERE fish_name = '",A54,"'") -> SELECT fish_id FROM fishing.t_fish WHERE fish_name = 'Vimba Bream' | J54: =_xlfn.CONCAT("((",I54,"),","'",B54,"',","'",H54,"',",C54,",",D54,",",E54,",",F54,",",G54,"),") -> ((SELECT fish_id FROM fishing.t_fish WHERE fish_name = 'Vimba Bream'),'Chirping Bream','Fishermen claim that at night, Nøkken will make a chirping sound to lure them into deeper water, until one day a scholar catches a fish that continues to chirp even when out of the water.',0.1,0.8,2.3,17,52),
A55: Vimba Bream | B55: Trance Bream | C55: 0.9 | D55: 0.5 | E55: 2.5 | F55: 10 | G55: 40 | H55: Exposure to mana makes this fish unable to swim sometimes, and the older it gets, the weirder its behavior. Some fishermen even claim that they saw some fish come to the surface and remain motionless for hours. | I55: =_xlfn.CONCAT("SELECT fish_id FROM fishing.t_fish WHERE fish_name = '",A55,"'") -> SELECT fish_id FROM fishing.t_fish WHERE fish_name = 'Vimba Bream' | J55: =_xlfn.CONCAT("((",I55,"),","'",B55,"',","'",H55,"',",C55,",",D55,",",E55,",",F55,",",G55,"),") -> ((SELECT fish_id FROM fishing.t_fish WHERE fish_name = 'Vimba Bream'),'Trance Bream','Exposure to mana makes this fish unable to swim sometimes, and the older it gets, the weirder its behavior. Some fishermen even claim that they saw some fish come to the surface and remain motionless for hours.',0.9,0.5,2.5,10,40),
A56: Blue Bream | B56: Icy Blue Bream | C56: 0.3 | D56: 1.7 | E56: 4.9 | F56: 19 | G56: 49 | H56: This fish has a lower body temperature than other fish, making it sluggish in colder water; even in warmer water, it will move slowly. | I56: =_xlfn.CONCAT("SELECT fish_id FROM fishing.t_fish WHERE fish_name = '",A56,"'") -> SELECT fish_id FROM fishing.t_fish WHERE fish_name = 'Blue Bream' | J56: =_xlfn.CONCAT("((",I56,"),","'",B56,"',","'",H56,"',",C56,",",D56,",",E56,",",F56,",",G56,"),") -> ((SELECT fish_id FROM fishing.t_fish WHERE fish_name = 'Blue Bream'),'Icy Blue Bream','This fish has a lower body temperature than other fish, making it sluggish in colder water; even in warmer water, it will move slowly.',0.3,1.7,4.9,19,49),
A57: Blue Bream | B57: Sharkfin Bream | C57: 0.7 | D57: 2 | E57: 6 | F57: 28 | G57: 60 | H57: The upper fin of this bream becomes hard, almost like a shark fin, making it excel at sudden turn when swimming from predators. | I57: =_xlfn.CONCAT("SELECT fish_id FROM fishing.t_fish WHERE fish_name = '",A57,"'") -> SELECT fish_id FROM fishing.t_fish WHERE fish_name = 'Blue Bream' | J57: =_xlfn.CONCAT("((",I57,"),","'",B57,"',","'",H57,"',",C57,",",D57,",",E57,",",F57,",",G57,"),") -> ((SELECT fish_id FROM fishing.t_fish WHERE fish_name = 'Blue Bream'),'Sharkfin Bream','The upper fin of this bream becomes hard, almost like a shark fin, making it excel at sudden turn when swimming from predators.',0.7,2,6,28,60),
A58: Common Carp | B58: Glowing Heart Carp | C58: 0.4 | D58: 7 | E58: 45.5 | F58: 42.5 | G58: 125 | H58: Mana circulation made this carp's heart glow, it makes hunting at night easier and harder to escaping the predators. | I58: =_xlfn.CONCAT("SELECT fish_id FROM fishing.t_fish WHERE fish_name = '",A58,"'") -> SELECT fish_id FROM fishing.t_fish WHERE fish_name = 'Common Carp' | J58: =_xlfn.CONCAT("((",I58,"),","'",B58,"',","'",H58,"',",C58,",",D58,",",E58,",",F58,",",G58,"),") -> ((SELECT fish_id FROM fishing.t_fish WHERE fish_name = 'Common Carp'),'Glowing Heart Carp','Mana circulation made this carp's heart glow, it makes hunting at night easier and harder to escaping the predators.',0.4,7,45.5,42.5,125),
A59: Common Carp | B59: Widemouth Carp | C59: 0.6 | D59: 8 | E59: 50 | F59: 45 | G59: 120 | H59: This carp can open its mouth so wide that it almost eats almost all its prey whole. Because of this, its mouth sometimes gets ripped from overextension. | I59: =_xlfn.CONCAT("SELECT fish_id FROM fishing.t_fish WHERE fish_name = '",A59,"'") -> SELECT fish_id FROM fishing.t_fish WHERE fish_name = 'Common Carp' | J59: =_xlfn.CONCAT("((",I59,"),","'",B59,"',","'",H59,"',",C59,",",D59,",",E59,",",F59,",",G59,"),") -> ((SELECT fish_id FROM fishing.t_fish WHERE fish_name = 'Common Carp'),'Widemouth Carp','This carp can open its mouth so wide that it almost eats almost all its prey whole. Because of this, its mouth sometimes gets ripped from overextension.',0.6,8,50,45,120),
A60: Grass Carp | B60: Glassbone Carp | C60: 0.4 | D60: 6 | E60: 48 | F60: 22 | G60: 105 | H60: The bone in this carp is so brittle that even the lightest drop will break all of its bones. It makes this carp swim so slowly and become more passive. | I60: =_xlfn.CONCAT("SELECT fish_id FROM fishing.t_fish WHERE fish_name = '",A60,"'") -> SELECT fish_id FROM fishing.t_fish WHERE fish_name = 'Grass Carp' | J60: =_xlfn.CONCAT("((",I60,"),","'",B60,"',","'",H60,"',",C60,",",D60,",",E60,",",F60,",",G60,"),") -> ((SELECT fish_id FROM fishing.t_fish WHERE fish_name = 'Grass Carp'),'Glassbone Carp','The bone in this carp is so brittle that even the lightest drop will break all of its bones. It makes this carp swim so slowly and become more passive.',0.4,6,48,22,105),
A61: Grass Carp | B61: Hairy Grass Carp | C61: 0.6 | D61: 7 | E61: 50 | F61: 25 | G61: 100 | H61: Hair like thorns covered this carp's body, which helped the carp to camouflage itself between the grass or algae below the water. | I61: =_xlfn.CONCAT("SELECT fish_id FROM fishing.t_fish WHERE fish_name = '",A61,"'") -> SELECT fish_id FROM fishing.t_fish WHERE fish_name = 'Grass Carp' | J61: =_xlfn.CONCAT("((",I61,"),","'",B61,"',","'",H61,"',",C61,",",D61,",",E61,",",F61,",",G61,"),") -> ((SELECT fish_id FROM fishing.t_fish WHERE fish_name = 'Grass Carp'),'Hairy Grass Carp','Hair like thorns covered this carp's body, which helped the carp to camouflage itself between the grass or algae below the water. ',0.6,7,50,25,100),
A62: Mud Carp | B62: Jumping Mud Carp | C62: 0.5 | D62: 4 | E62: 9 | F62: 22 | G62: 76 | H62: The fins have been reinforced by mana, allowing this carp to support its entire body out of the water and move from one body of water to another. | I62: =_xlfn.CONCAT("SELECT fish_id FROM fishing.t_fish WHERE fish_name = '",A62,"'") -> SELECT fish_id FROM fishing.t_fish WHERE fish_name = 'Mud Carp' | J62: =_xlfn.CONCAT("((",I62,"),","'",B62,"',","'",H62,"',",C62,",",D62,",",E62,",",F62,",",G62,"),") -> ((SELECT fish_id FROM fishing.t_fish WHERE fish_name = 'Mud Carp'),'Jumping Mud Carp','The fins have been reinforced by mana, allowing this carp to support its entire body out of the water and move from one body of water to another.',0.5,4,9,22,76),
A63: Mud Carp | B63: Stone Carp | C63: 0.5 | D63: 3 | E63: 7 | F63: 25 | G63: 80 | H63: Scholars are still unsure how the fish covers itself and rolls into a ball during droughts, and some even suggest that the carp uses mana to cover itself. | I63: =_xlfn.CONCAT("SELECT fish_id FROM fishing.t_fish WHERE fish_name = '",A63,"'") -> SELECT fish_id FROM fishing.t_fish WHERE fish_name = 'Mud Carp' | J63: =_xlfn.CONCAT("((",I63,"),","'",B63,"',","'",H63,"',",C63,",",D63,",",E63,",",F63,",",G63,"),") -> ((SELECT fish_id FROM fishing.t_fish WHERE fish_name = 'Mud Carp'),'Stone Carp','Scholars are still unsure how the fish covers itself and rolls into a ball during droughts, and some even suggest that the carp uses mana to cover itself.',0.5,3,7,25,80),
A64: Mrigal Carp | B64: Fanged Carp | C64: 0.6 | D64: 3 | E64: 15 | F64: 12 | G64: 90 | H64: Its mouth is covered with a lot of sharp teeth, and it can even chew through the wood of the boat that fishermen use. | I64: =_xlfn.CONCAT("SELECT fish_id FROM fishing.t_fish WHERE fish_name = '",A64,"'") -> SELECT fish_id FROM fishing.t_fish WHERE fish_name = 'Mrigal Carp' | J64: =_xlfn.CONCAT("((",I64,"),","'",B64,"',","'",H64,"',",C64,",",D64,",",E64,",",F64,",",G64,"),") -> ((SELECT fish_id FROM fishing.t_fish WHERE fish_name = 'Mrigal Carp'),'Fanged Carp','Its mouth is covered with a lot of sharp teeth, and it can even chew through the wood of the boat that fishermen use.',0.6,3,15,12,90),
A65: Mrigal Carp | B65: Arrow Carp | C65: 0.4 | D65: 5 | E65: 25 | F65: 17 | G65: 125 | H65: Its streamlined body has evolved into something akin to an arrow, allowing it to swim so fast, even against a strong current. | I65: =_xlfn.CONCAT("SELECT fish_id FROM fishing.t_fish WHERE fish_name = '",A65,"'") -> SELECT fish_id FROM fishing.t_fish WHERE fish_name = 'Mrigal Carp' | J65: =_xlfn.CONCAT("((",I65,"),","'",B65,"',","'",H65,"',",C65,",",D65,",",E65,",",F65,",",G65,"),") -> ((SELECT fish_id FROM fishing.t_fish WHERE fish_name = 'Mrigal Carp'),'Arrow Carp','Its streamlined body has evolved into something akin to an arrow, allowing it to swim so fast, even against a strong current.',0.4,5,25,17,125),
A66: Silver Carp | B66: Sailtail Carp | C66: 0.5 | D66: 8 | E66: 55 | F66: 37 | G66: 100 | H66: The upper fin grows until the end of its tail. This sail-like upper fin is used to make a barrier when it circles the fish. | I66: =_xlfn.CONCAT("SELECT fish_id FROM fishing.t_fish WHERE fish_name = '",A66,"'") -> SELECT fish_id FROM fishing.t_fish WHERE fish_name = 'Silver Carp' | J66: =_xlfn.CONCAT("((",I66,"),","'",B66,"',","'",H66,"',",C66,",",D66,",",E66,",",F66,",",G66,"),") -> ((SELECT fish_id FROM fishing.t_fish WHERE fish_name = 'Silver Carp'),'Sailtail Carp','The upper fin grows until the end of its tail. This sail-like upper fin is used to make a barrier when it circles the fish.',0.5,8,55,37,100),
A67: Silver Carp | B67: Twin Horned Carp | C67: 0.5 | D67: 8 | E67: 60 | F67: 40 | G67: 120 | H67: This carp leaps out of the water whenever it gets startled, the mana inside its body making it hyper aware. | I67: =_xlfn.CONCAT("SELECT fish_id FROM fishing.t_fish WHERE fish_name = '",A67,"'") -> SELECT fish_id FROM fishing.t_fish WHERE fish_name = 'Silver Carp' | J67: =_xlfn.CONCAT("((",I67,"),","'",B67,"',","'",H67,"',",C67,",",D67,",",E67,",",F67,",",G67,"),") -> ((SELECT fish_id FROM fishing.t_fish WHERE fish_name = 'Silver Carp'),'Twin Horned Carp','This carp leaps out of the water whenever it gets startled, the mana inside its body making it hyper aware.',0.5,8,60,40,120),
A68: Black Carp | B68: Overgrown Carp | C68: 0.4 | D68: 7 | E68: 77 | F68: 77 | G68: 177 | H68: Scholars speculate that this type of mana-evolve carp will not stop growing as long as it keeps eating. No specimen has ever shown signs of maturity. | I68: =_xlfn.CONCAT("SELECT fish_id FROM fishing.t_fish WHERE fish_name = '",A68,"'") -> SELECT fish_id FROM fishing.t_fish WHERE fish_name = 'Black Carp' | J68: =_xlfn.CONCAT("((",I68,"),","'",B68,"',","'",H68,"',",C68,",",D68,",",E68,",",F68,",",G68,"),") -> ((SELECT fish_id FROM fishing.t_fish WHERE fish_name = 'Black Carp'),'Overgrown Carp','Scholars speculate that this type of mana-evolve carp will not stop growing as long as it keeps eating. No specimen has ever shown signs of maturity.',0.4,7,77,77,177),
A69: Black Carp | B69: Obsidian Carp | C69: 0.6 | D69: 8 | E69: 40 | F69: 65 | G69: 120 | H69: Its skin glows magnificently under the moonlight, and when underwater, this fish is nearly invisible beneath the moonlit surface, making it a great predator. | I69: =_xlfn.CONCAT("SELECT fish_id FROM fishing.t_fish WHERE fish_name = '",A69,"'") -> SELECT fish_id FROM fishing.t_fish WHERE fish_name = 'Black Carp' | J69: =_xlfn.CONCAT("((",I69,"),","'",B69,"',","'",H69,"',",C69,",",D69,",",E69,",",F69,",",G69,"),") -> ((SELECT fish_id FROM fishing.t_fish WHERE fish_name = 'Black Carp'),'Obsidian Carp','Its skin glows magnificently under the moonlight, and when underwater, this fish is nearly invisible beneath the moonlit surface, making it a great predator.',0.6,8,40,65,120),
A70: Bighead Carp | B70: Insatiable Carp | C70: 0.3 | D70: 10 | E70: 50 | F70: 55 | G70: 125 | H70: This voracious fish will eat anything that they can, whether it is fish, shellfish, or even an insect that has drowned until its die. | I70: =_xlfn.CONCAT("SELECT fish_id FROM fishing.t_fish WHERE fish_name = '",A70,"'") -> SELECT fish_id FROM fishing.t_fish WHERE fish_name = 'Bighead Carp' | J70: =_xlfn.CONCAT("((",I70,"),","'",B70,"',","'",H70,"',",C70,",",D70,",",E70,",",F70,",",G70,"),") -> ((SELECT fish_id FROM fishing.t_fish WHERE fish_name = 'Bighead Carp'),'Insatiable Carp','This voracious fish will eat anything that they can, whether it is fish, shellfish, or even an insect that has drowned until its die.',0.3,10,50,55,125),
... A73: Giant River Carp | B73: Monstrous Carp | C73: 0.6 | D73: 40 | E73: 200 | F73: 90 | G73: 300 | H73: A tale in a nearby village tells a story of boogeymen snatching and gobbling up children whenever they go to murky water. Some scholars suggested that maybe this fish is the one responsible for the missing children. | I73: =_xlfn.CONCAT("SELECT fish_id FROM fishing.t_fish WHERE fish_name = '",A73,"'") -> SELECT fish_id FROM fishing.t_fish WHERE fish_name = 'Giant River Carp' | J73: =_xlfn.CONCAT("((",I73,"),","'",B73,"',","'",H73,"',",C73,",",D73,",",E73,",",F73,",",G73,"),") -> ((SELECT fish_id FROM fishing.t_fish WHERE fish_name = 'Giant River Carp'),'Monstrous Carp','A tale in a nearby village tells a story of boogeymen snatching and gobbling up children whenever they go to murky water. Some scholars suggested that maybe this fish is the one responsible for the missing children.',0.6,40,200,90,300),
A74: Gibel Carp | B74: Scarred Carp | C74: 0.2 | D74: 1.5 | E74: 7.5 | F74: 12.5 | G74: 30 | H74: The pattern on its body is a sign of mana constantly escape though its body; the excessive mana inside its body prevent its to swim. | I74: =_xlfn.CONCAT("SELECT fish_id FROM fishing.t_fish WHERE fish_name = '",A74,"'") -> SELECT fish_id FROM fishing.t_fish WHERE fish_name = 'Gibel Carp' | J74: =_xlfn.CONCAT("((",I74,"),","'",B74,"',","'",H74,"',",C74,",",D74,",",E74,",",F74,",",G74,"),") -> ((SELECT fish_id FROM fishing.t_fish WHERE fish_name = 'Gibel Carp'),'Scarred Carp','The pattern on its body is a sign of mana constantly escape though its body; the excessive mana inside its body prevent its to swim.',0.2,1.5,7.5,12.5,30),
A75: Gibel Carp | B75: Rat Carp | C75: 0.8 | D75: 1 | E75: 4 | F75: 7 | G75: 20 | H75: This fish got its name for its reproductive capability; the mana circulation makes this fish have a high sexual reproductivity and keeps reproducing. | I75: =_xlfn.CONCAT("SELECT fish_id FROM fishing.t_fish WHERE fish_name = '",A75,"'") -> SELECT fish_id FROM fishing.t_fish WHERE fish_name = 'Gibel Carp' | J75: =_xlfn.CONCAT("((",I75,"),","'",B75,"',","'",H75,"',",C75,",",D75,",",E75,",",F75,",",G75,"),") -> ((SELECT fish_id FROM fishing.t_fish WHERE fish_name = 'Gibel Carp'),'Rat Carp','This fish got its name for its reproductive capability; the mana circulation makes this fish have a high sexual reproductivity and keeps reproducing.',0.8,1,4,7,20),
A76: Crucian Carp | B76: Snow Carp | C76: 0.3 | D76: 1.5 | E76: 4.5 | F76: 17 | G76: 57 | H76: This carp gets really active when the temperature gets low enough to have snow; when the temperature gets high, it usually stops hunting and becomes almost dormant. | I76: =_xlfn.CONCAT("SELECT fish_id FROM fishing.t_fish WHERE fish_name = '",A76,"'") -> SELECT fish_id FROM fishing.t_fish WHERE fish_name = 'Crucian Carp' | J76: =_xlfn.CONCAT("((",I76,"),","'",B76,"',","'",H76,"',",C76,",",D76,",",E76,",",F76,",",G76,"),") -> ((SELECT fish_id FROM fishing.t_fish WHERE fish_name = 'Crucian Carp'),'Snow Carp','This carp gets really active when the temperature gets low enough to have snow; when the temperature gets high, it usually stops hunting and becomes almost dormant.',0.3,1.5,4.5,17,57),
A77: Crucian Carp | B77: Gillless Carp | C77: 0.7 | D77: 2 | E77: 6 | F77: 12 | G77: 41 | H77: Scholars can't seem to agree about how this fish even breathes; some suggest that maybe it breathes through its mouth, while others argue that maybe it uses their skin to breathe. | I77: =_xlfn.CONCAT("SELECT fish_id FROM fishing.t_fish WHERE fish_name = '",A77,"'") -> SELECT fish_id FROM fishing.t_fish WHERE fish_name = 'Crucian Carp' | J77: =_xlfn.CONCAT("((",I77,"),","'",B77,"',","'",H77,"',",C77,",",D77,",",E77,",",F77,",",G77,"),") -> ((SELECT fish_id FROM fishing.t_fish WHERE fish_name = 'Crucian Carp'),'Gillless Carp','Scholars can't seem to agree about how this fish even breathes; some suggest that maybe it breathes through its mouth, while others argue that maybe it uses their skin to breathe.',0.7,2,6,12,41),
A78: Channel Catfish | B78: Thunder Catfish | C78: 0.4 | D78: 5 | E78: 28 | F78: 21 | G78: 110 | H78: Scholars believe this catfish can shock their prey using a specialized organ that stores mana and releases that mana as a thunderbolt-like jolt. But, after dissection, no such organ has been identified to have that kind of function. | I78: =_xlfn.CONCAT("SELECT fish_id FROM fishing.t_fish WHERE fish_name = '",A78,"'") -> SELECT fish_id FROM fishing.t_fish WHERE fish_name = 'Channel Catfish' | J78: =_xlfn.CONCAT("((",I78,"),","'",B78,"',","'",H78,"',",C78,",",D78,",",E78,",",F78,",",G78,"),") -> ((SELECT fish_id FROM fishing.t_fish WHERE fish_name = 'Channel Catfish'),'Thunder Catfish','Scholars believe this catfish can shock their prey using a specialized organ that stores mana and releases that mana as a thunderbolt-like jolt. But, after dissection, no such organ has been identified to have that kind of function.',0.4,5,28,21,110),
A79: Channel Catfish | B79: Serpentine Catfish | C79: 0.6 | D79: 7 | E79: 36 | F79: 50 | G79: 160 | H79: Its serpentine-like body sometime get mistaken for a river serpent; It even behaves like one, swallowing its prey whole, even if the fish is big. | I79: =_xlfn.CONCAT("SELECT fish_id FROM fishing.t_fish WHERE fish_name = '",A79,"'") -> SELECT fish_id FROM fishing.t_fish WHERE fish_name = 'Channel Catfish' | J79: =_xlfn.CONCAT("((",I79,"),","'",B79,"',","'",H79,"',",C79,",",D79,",",E79,",",F79,",",G79,"),") -> ((SELECT fish_id FROM fishing.t_fish WHERE fish_name = 'Channel Catfish'),'Serpentine Catfish','Its serpentine-like body sometime get mistaken for a river serpent; It even behaves like one, swallowing its prey whole, even if the fish is big.',0.6,7,36,50,160),
A80: Bengawan Giant Catfish | B80: Hunter Catfish | C80: 0.7 | D80: 20 | E80: 75 | F80: 15 | G80: 75 | H80: This catfish is infamous for its persistent of chasing its prey. Fishermen claim that this catfish will chase its prey even after its prey has already been brought to the boat. | I80: =_xlfn.CONCAT("SELECT fish_id FROM fishing.t_fish WHERE fish_name = '",A80,"'") -> SELECT fish_id FROM fishing.t_fish WHERE fish_name = 'Bengawan Giant Catfish' | J80: =_xlfn.CONCAT("((",I80,"),","'",B80,"',","'",H80,"',",C80,",",D80,",",E80,",",F80,",",G80,"),") -> ((SELECT fish_id FROM fishing.t_fish WHERE fish_name = 'Bengawan Giant Catfish'),'Hunter Catfish','This catfish is infamous for its persistent of chasing its prey. Fishermen claim that this catfish will chase its prey even after its prey has already been brought to the boat.',0.7,20,75,15,75),
A81: Bengawan Giant Catfish | B81: Bone Plate Catfish | C81: 0.3 | D81: 45 | E81: 175 | F81: 40 | G81: 230 | H81: Bone plates occasionally grow on its body, protecting it from predator attack. This bone can be fetched for a high price, mostly used for a shield by a smith. | I81: =_xlfn.CONCAT("SELECT fish_id FROM fishing.t_fish WHERE fish_name = '",A81,"'") -> SELECT fish_id FROM fishing.t_fish WHERE fish_name = 'Bengawan Giant Catfish' | J81: =_xlfn.CONCAT("((",I81,"),","'",B81,"',","'",H81,"',",C81,",",D81,",",E81,",",F81,",",G81,"),") -> ((SELECT fish_id FROM fishing.t_fish WHERE fish_name = 'Bengawan Giant Catfish'),'Bone Plate Catfish','Bone plates occasionally grow on its body, protecting it from predator attack. This bone can be fetched for a high price, mostly used for a shield by a smith.',0.3,45,175,40,230),
A82: Blue Catfish | B82: Swift Catfish | C82: 0.8 | D82: 8 | E82: 70 | F82: 25 | G82: 165 | H82: Fishermen around Ourea claim that this fish moves abnormally when they hunt; they claim that tiny bubbles will come out of its gill and suddenly lunge forward violently without any extra movement from their tail. | I82: =_xlfn.CONCAT("SELECT fish_id FROM fishing.t_fish WHERE fish_name = '",A82,"'") -> SELECT fish_id FROM fishing.t_fish WHERE fish_name = 'Blue Catfish' | J82: =_xlfn.CONCAT("((",I82,"),","'",B82,"',","'",H82,"',",C82,",",D82,",",E82,",",F82,",",G82,"),") -> ((SELECT fish_id FROM fishing.t_fish WHERE fish_name = 'Blue Catfish'),'Swift Catfish','Fishermen around Ourea claim that this fish moves abnormally when they hunt; they claim that tiny bubbles will come out of its gill and suddenly lunge forward violently without any extra movement from their tail.',0.8,8,70,25,165),
A83: Blue Catfish | B83: Lapis Lazuli Catfish | C83: 0.2 | D83: 7 | E83: 60 | F83: 28 | G83: 150 | H83: Its brilliant blue color makes this catfish a symbol of wealth among the rich families in Ourea, but because of the aggressive behavior of this fish, whenever there are two at the same time, they will attack each other. | I83: =_xlfn.CONCAT("SELECT fish_id FROM fishing.t_fish WHERE fish_name = '",A83,"'") -> SELECT fish_id FROM fishing.t_fish WHERE fish_name = 'Blue Catfish' | J83: =_xlfn.CONCAT("((",I83,"),","'",B83,"',","'",H83,"',",C83,",",D83,",",E83,",",F83,",",G83,"),") -> ((SELECT fish_id FROM fishing.t_fish WHERE fish_name = 'Blue Catfish'),'Lapis Lazuli Catfish','Its brilliant blue color makes this catfish a symbol of wealth among the rich families in Ourea, but because of the aggressive behavior of this fish, whenever there are two at the same time, they will attack each other.',0.2,7,60,28,150),
A84: Flathead Catfish | B84: Log Catfish | C84: 0.3 | D84: 7.5 | E84: 52 | F84: 34 | G84: 155 | H84: Its body evolved to resemble a dead log underwater, allowing it to camouflage itself better when hunting or hiding from larger predators. | I84: =_xlfn.CONCAT("SELECT fish_id FROM fishing.t_fish WHERE fish_name = '",A84,"'") -> SELECT fish_id FROM fishing.t_fish WHERE fish_name = 'Flathead Catfish' | J84: =_xlfn.CONCAT("((",I84,"),","'",B84,"',","'",H84,"',",C84,",",D84,",",E84,",",F84,",",G84,"),") -> ((SELECT fish_id FROM fishing.t_fish WHERE fish_name = 'Flathead Catfish'),'Log Catfish','Its body evolved to resemble a dead log underwater, allowing it to camouflage itself better when hunting or hiding from larger predators.',0.3,7.5,52,34,155),
A85: Flathead Catfish | B85: Shovelhead Catfish | C85: 0.7 | D85: 9 | E85: 50 | F85: 30 | G85: 125 | H85: Long exposure of mana makes the head of this fish resemble a shovel; many scholar confused about why the head of this fish evolved into that shape in the first place. | I85: =_xlfn.CONCAT("SELECT fish_id FROM fishing.t_fish WHERE fish_name = '",A85,"'") -> SELECT fish_id FROM fishing.t_fish WHERE fish_name = 'Flathead Catfish' | J85: =_xlfn.CONCAT("((",I85,"),","'",B85,"',","'",H85,"',",C85,",",D85,",",E85,",",F85,",",G85,"),") -> ((SELECT fish_id FROM fishing.t_fish WHERE fish_name = 'Flathead Catfish'),'Shovelhead Catfish','Long exposure of mana makes the head of this fish resemble a shovel; many scholar confused about why the head of this fish evolved into that shape in the first place.',0.7,9,50,30,125),
A86: Walking Catfish | B86: Saw-teeth Catfish | C86: 0.4 | D86: 5 | E86: 15 | F86: 15 | G86: 65 | H86: Contrary to its appearance, this fish is a herbivore; its teeth are specialized in cutting tough roots underwater and some other underwater plants. | I86: =_xlfn.CONCAT("SELECT fish_id FROM fishing.t_fish WHERE fish_name = '",A86,"'") -> SELECT fish_id FROM fishing.t_fish WHERE fish_name = 'Walking Catfish' | J86: =_xlfn.CONCAT("((",I86,"),","'",B86,"',","'",H86,"',",C86,",",D86,",",E86,",",F86,",",G86,"),") -> ((SELECT fish_id FROM fishing.t_fish WHERE fish_name = 'Walking Catfish'),'Saw-teeth Catfish','Contrary to its appearance, this fish is a herbivore; its teeth are specialized in cutting tough roots underwater and some other underwater plants.',0.4,5,15,15,65),
A87: Walking Catfish | B87: Hopping Catfish | C87: 0.6 | D87: 6 | E87: 20 | F87: 10 | G87: 60 | H87: The catfish can be seen hopping around the mud-covered water when the drought arrived. Scholars alike theorize that maybe a mutation caused this catfish to be able to hop using mana stored inside its body. | I87: =_xlfn.CONCAT("SELECT fish_id FROM fishing.t_fish WHERE fish_name = '",A87,"'") -> SELECT fish_id FROM fishing.t_fish WHERE fish_name = 'Walking Catfish' | J87: =_xlfn.CONCAT("((",I87,"),","'",B87,"',","'",H87,"',",C87,",",D87,",",E87,",",F87,",",G87,"),") -> ((SELECT fish_id FROM fishing.t_fish WHERE fish_name = 'Walking Catfish'),'Hopping Catfish','The catfish can be seen hopping around the mud-covered water when the drought arrived. Scholars alike theorize that maybe a mutation caused this catfish to be able to hop using mana stored inside its body.',0.6,6,20,10,60),
A88: Redtail Catfish | B88: Tailless Catfish | C88: 0.3 | D88: 5 | E88: 30 | F88: 12 | G88: 35 | H88: Its tail has gradually been consumed by the mana inside of it, making this fish unable to swim altogether and slowly die of hunger and predation. | I88: =_xlfn.CONCAT("SELECT fish_id FROM fishing.t_fish WHERE fish_name = '",A88,"'") -> SELECT fish_id FROM fishing.t_fish WHERE fish_name = 'Redtail Catfish' | J88: =_xlfn.CONCAT("((",I88,"),","'",B88,"',","'",H88,"',",C88,",",D88,",",E88,",",F88,",",G88,"),") -> ((SELECT fish_id FROM fishing.t_fish WHERE fish_name = 'Redtail Catfish'),'Tailless Catfish','Its tail has gradually been consumed by the mana inside of it, making this fish unable to swim altogether and slowly die of hunger and predation.',0.3,5,30,12,35),
A89: Redtail Catfish | B89: Blazingtail Catfish | C89: 0.7 | D89: 15 | E89: 62 | F89: 19 | G89: 125 | H89: This catfish's tail will glow red, and it will use the tail as a hammer to attack its attacker. The tail can easily burn the attacker if not immediately swatted away. | I89: =_xlfn.CONCAT("SELECT fish_id FROM fishing.t_fish WHERE fish_name = '",A89,"'") -> SELECT fish_id FROM fishing.t_fish WHERE fish_name = 'Redtail Catfish' | J89: =_xlfn.CONCAT("((",I89,"),","'",B89,"',","'",H89,"',",C89,",",D89,",",E89,",",F89,",",G89,"),") -> ((SELECT fish_id FROM fishing.t_fish WHERE fish_name = 'Redtail Catfish'),'Blazingtail Catfish','This catfish's tail will glow red, and it will use the tail as a hammer to attack its attacker. The tail can easily burn the attacker if not immediately swatted away.',0.7,15,62,19,125),
A90: Alligator Gar | B90: Shedding Gar | C90: 0.4 | D90: 15 | E90: 85 | F90: 25 | G90: 165 | H90: Scales from this gar will constantly shed due to mana leaking everywhere from its body, making it vulnerable to all parasites and infections. | I90: =_xlfn.CONCAT("SELECT fish_id FROM fishing.t_fish WHERE fish_name = '",A90,"'") -> SELECT fish_id FROM fishing.t_fish WHERE fish_name = 'Alligator Gar' | J90: =_xlfn.CONCAT("((",I90,"),","'",B90,"',","'",H90,"',",C90,",",D90,",",E90,",",F90,",",G90,"),") -> ((SELECT fish_id FROM fishing.t_fish WHERE fish_name = 'Alligator Gar'),'Shedding Gar','Scales from this gar will constantly shed due to mana leaking everywhere from its body, making it vulnerable to all parasites and infections.',0.4,15,85,25,165),
A91: Alligator Gar | B91: Double-jaw Gar | C91: 0.6 | D91: 30 | E91: 180 | F91: 65 | G91: 225 | H91: When this fish hunt their prey, it will chase it and bite it using the second set of jaws inside its throat. It will grab the prey and slowly swallow it using its main mouth. | I91: =_xlfn.CONCAT("SELECT fish_id FROM fishing.t_fish WHERE fish_name = '",A91,"'") -> SELECT fish_id FROM fishing.t_fish WHERE fish_name = 'Alligator Gar' | J91: =_xlfn.CONCAT("((",I91,"),","'",B91,"',","'",H91,"',",C91,",",D91,",",E91,",",F91,",",G91,"),") -> ((SELECT fish_id FROM fishing.t_fish WHERE fish_name = 'Alligator Gar'),'Double-jaw Gar','When this fish hunt their prey, it will chase it and bite it using the second set of jaws inside its throat. It will grab the prey and slowly swallow it using its main mouth.',0.6,30,180,65,225),
A92: Walleye | B92: Frenzied Walleye | C92: 0.7 | D92: 1.1 | E92: 8.5 | F92: 14 | G92: 85 | H92: This fish usually avoids bright light because of their sensitive eyes, but because of the mana mutation, this fish will charge toward the light source and attack it relentlessly. | I92: =_xlfn.CONCAT("SELECT fish_id FROM fishing.t_fish WHERE fish_name = '",A92,"'") -> SELECT fish_id FROM fishing.t_fish WHERE fish_name = 'Walleye' | J92: =_xlfn.CONCAT("((",I92,"),","'",B92,"',","'",H92,"',",C92,",",D92,",",E92,",",F92,",",G92,"),") -> ((SELECT fish_id FROM fishing.t_fish WHERE fish_name = 'Walleye'),'Frenzied Walleye','This fish usually avoids bright light because of their sensitive eyes, but because of the mana mutation, this fish will charge toward the light source and attack it relentlessly.',0.7,1.1,8.5,14,85),
A93: Walleye | B93: Numerous Eyes | C93: 0.3 | D93: 1.5 | E93: 10 | F93: 12 | G93: 70 | H93: Eyes will continuously "grow" on its body aggressively, like a parasite; it will make this fish confused because of the numerous vision at once. | I93: =_xlfn.CONCAT("SELECT fish_id FROM fishing.t_fish WHERE fish_name = '",A93,"'") -> SELECT fish_id FROM fishing.t_fish WHERE fish_name = 'Walleye' | J93: =_xlfn.CONCAT("((",I93,"),","'",B93,"',","'",H93,"',",C93,",",D93,",",E93,",",F93,",",G93,"),") -> ((SELECT fish_id FROM fishing.t_fish WHERE fish_name = 'Walleye'),'Numerous Eyes','Eyes will continuously "grow" on its body aggressively, like a parasite; it will make this fish confused because of the numerous vision at once.',0.3,1.5,10,12,70),
A94: Sauger | B94: Caniballistic Sauger | C94: 0.3 | D94: 1.2 | E94: 4.2 | F94: 12 | G94: 60 | H94: Fishermen claim that this fish is always searching for its own kind to prey on; it rarely eats other fish and only attack their own kind. | I94: =_xlfn.CONCAT("SELECT fish_id FROM fishing.t_fish WHERE fish_name = '",A94,"'") -> SELECT fish_id FROM fishing.t_fish WHERE fish_name = 'Sauger' | J94: =_xlfn.CONCAT("((",I94,"),","'",B94,"',","'",H94,"',",C94,",",D94,",",E94,",",F94,",",G94,"),") -> ((SELECT fish_id FROM fishing.t_fish WHERE fish_name = 'Sauger'),'Caniballistic Sauger','Fishermen claim that this fish is always searching for its own kind to prey on; it rarely eats other fish and only attack their own kind.',0.3,1.2,4.2,12,60),
A95: Sauger | B95: Barkhide Sauger | C95: 0.7 | D95: 1 | E95: 3.7 | F95: 11 | G95: 53 | H95: The scales of this fish look like the bark of a tree; it uses this for camouflage when it was hunting underwater. | I95: =_xlfn.CONCAT("SELECT fish_id FROM fishing.t_fish WHERE fish_name = '",A95,"'") -> SELECT fish_id FROM fishing.t_fish WHERE fish_name = 'Sauger' | J95: =_xlfn.CONCAT("((",I95,"),","'",B95,"',","'",H95,"',",C95,",",D95,",",E95,",",F95,",",G95,"),") -> ((SELECT fish_id FROM fishing.t_fish WHERE fish_name = 'Sauger'),'Barkhide Sauger','The scales of this fish look like the bark of a tree; it uses this for camouflage when it was hunting underwater.',0.7,1,3.7,11,53),
A96: Yellow Perch | B96: Needle-spine Perch | C96: 0.8 | D96: 0.6 | E96: 2.2 | F96: 11.2 | G96: 48 | H96: Its upper fin grows some needle-like bones on it, making it extra sharp. It uses this new bone to find a mate and defend itself from predators trying to eat it. | I96: =_xlfn.CONCAT("SELECT fish_id FROM fishing.t_fish WHERE fish_name = '",A96,"'") -> SELECT fish_id FROM fishing.t_fish WHERE fish_name = 'Yellow Perch' | J96: =_xlfn.CONCAT("((",I96,"),","'",B96,"',","'",H96,"',",C96,",",D96,",",E96,",",F96,",",G96,"),") -> ((SELECT fish_id FROM fishing.t_fish WHERE fish_name = 'Yellow Perch'),'Needle-spine Perch','Its upper fin grows some needle-like bones on it, making it extra sharp. It uses this new bone to find a mate and defend itself from predators trying to eat it.',0.8,0.6,2.2,11.2,48),
A97: Yellow Perch | B97: Rock-eating Perch | C97: 0.2 | D97: 0.7 | E97: 4 | F97: 12.3 | G97: 62 | H97: The older this fish gets, the more it will keep eating rock out of the bottom of the river. Scholars suggest that because of the mutation, this fish cannot differentiate between prey and rock anymore. | I97: =_xlfn.CONCAT("SELECT fish_id FROM fishing.t_fish WHERE fish_name = '",A97,"'") -> SELECT fish_id FROM fishing.t_fish WHERE fish_name = 'Yellow Perch' | J97: =_xlfn.CONCAT("((",I97,"),","'",B97,"',","'",H97,"',",C97,",",D97,",",E97,",",F97,",",G97,"),") -> ((SELECT fish_id FROM fishing.t_fish WHERE fish_name = 'Yellow Perch'),'Rock-eating Perch','The older this fish gets, the more it will keep eating rock out of the bottom of the river. Scholars suggest that because of the mutation, this fish cannot differentiate between prey and rock anymore.',0.2,0.7,4,12.3,62),
A98: Pikeperch | B98: Apple Perch | C98: 0.4 | D98: 1.5 | E98: 16 | F98: 21 | G98: 65 | H98: In Seran, this fish is extremely popular due to the meat tasting like a fresh apple; they love it so much, the rich are even ready to pay anyone handsomely for it. | I98: =_xlfn.CONCAT("SELECT fish_id FROM fishing.t_fish WHERE fish_name = '",A98,"'") -> SELECT fish_id FROM fishing.t_fish WHERE fish_name = 'Pikeperch' | J98: =_xlfn.CONCAT("((",I98,"),","'",B98,"',","'",H98,"',",C98,",",D98,",",E98,",",F98,",",G98,"),") -> ((SELECT fish_id FROM fishing.t_fish WHERE fish_name = 'Pikeperch'),'Apple Perch','In Seran, this fish is extremely popular due to the meat tasting like a fresh apple; they love it so much, the rich are even ready to pay anyone handsomely for it.',0.4,1.5,16,21,65),
A99: Pikeperch | B99: Scythe-tail Perch | C99: 0.6 | D99: 1.4 | E99: 18 | F99: 23 | G99: 75 | H99: The curved tail of this fish makes it look like a scythe; the tail is also hard like a rock, making it a main weapon for the fish to attack predators or prey. | I99: =_xlfn.CONCAT("SELECT fish_id FROM fishing.t_fish WHERE fish_name = '",A99,"'") -> SELECT fish_id FROM fishing.t_fish WHERE fish_name = 'Pikeperch' | J99: =_xlfn.CONCAT("((",I99,"),","'",B99,"',","'",H99,"',",C99,",",D99,",",E99,",",F99,",",G99,"),") -> ((SELECT fish_id FROM fishing.t_fish WHERE fish_name = 'Pikeperch'),'Scythe-tail Perch','The curved tail of this fish makes it look like a scythe; the tail is also hard like a rock, making it a main weapon for the fish to attack predators or prey.',0.6,1.4,18,23,75),
A100: Ruffe | B100: Pearl Ruffe | C100: 0.2 | D100: 0.3 | E100: 0.6 | F100: 4.7 | G100: 23 | H100: A large, round rock resembling a pearl is growing below its head; this pearl is considered among scholars as a disease, because the bigger the rock, the thinner the fish is. | I100: =_xlfn.CONCAT("SELECT fish_id FROM fishing.t_fish WHERE fish_name = '",A100,"'") -> SELECT fish_id FROM fishing.t_fish WHERE fish_name = 'Ruffe' | J100: =_xlfn.CONCAT("((",I100,"),","'",B100,"',","'",H100,"',",C100,",",D100,",",E100,",",F100,",",G100,"),") -> ((SELECT fish_id FROM fishing.t_fish WHERE fish_name = 'Ruffe'),'Pearl Ruffe','A large, round rock resembling a pearl is growing below its head; this pearl is considered among scholars as a disease, because the bigger the rock, the thinner the fish is.',0.2,0.3,0.6,4.7,23),
A101: Ruffe | B101: Frenzied Ruffe | C101: 0.8 | D101: 0.2 | E101: 0.4 | F101: 4.2 | G101: 12 | H101: This type of ruffe almost always attacks others because of its aggressive tendency to attack anything that is near it, making it never rest peacefully. | I101: =_xlfn.CONCAT("SELECT fish_id FROM fishing.t_fish WHERE fish_name = '",A101,"'") -> SELECT fish_id FROM fishing.t_fish WHERE fish_name = 'Ruffe' | J101: =_xlfn.CONCAT("((",I101,"),","'",B101,"',","'",H101,"',",C101,",",D101,",",E101,",",F101,",",G101,"),") -> ((SELECT fish_id FROM fishing.t_fish WHERE fish_name = 'Ruffe'),'Frenzied Ruffe','This type of ruffe almost always attacks others because of its aggressive tendency to attack anything that is near it, making it never rest peacefully.',0.8,0.2,0.4,4.2,12),
A102: Northern Pike | B102: Violet Pike | C102: 0.3 | D102: 4 | E102: 23 | F102: 14 | G102: 64 | H102: Scholars from Ourea noted that the Violet Pike became thinner the brighter their purple coloration is, suggesting that maybe the mana mutation makes this pike sick. | I102: =_xlfn.CONCAT("SELECT fish_id FROM fishing.t_fish WHERE fish_name = '",A102,"'") -> SELECT fish_id FROM fishing.t_fish WHERE fish_name = 'Northern Pike' | J102: =_xlfn.CONCAT("((",I102,"),","'",B102,"',","'",H102,"',",C102,",",D102,",",E102,",",F102,",",G102,"),") -> ((SELECT fish_id FROM fishing.t_fish WHERE fish_name = 'Northern Pike'),'Violet Pike','Scholars from Ourea noted that the Violet Pike became thinner the brighter their purple coloration is, suggesting that maybe the mana mutation makes this pike sick.',0.3,4,23,14,64),
...

Sheet Location
A1: Name | B1: Water | C1: Description | D1: City
A2: Vasikos Pond | B2: 1 | C2: A small pond that has an abundance of fish, said to be blessed by Poseidon himself. | D2: 1 | E2: =_xlfn.CONCAT("(",D2,",'",A2,"',","",B2,",","'",C2,"'),") -> (1,'Vasikos Pond',1,'A small pond that has an abundance of fish, said to be blessed by Poseidon himself.'),
A3: Astrafterí Lake | B3: 1 | C3: Villagers near the lake claim that Naiads prevent the lake from drying even in the harshest summer time. | D3: 1 | E3: =_xlfn.CONCAT("(",D3,",'",A3,"',","",B3,",","'",C3,"'),") -> (1,'Astrafterí Lake',1,'Villagers near the lake claim that Naiads prevent the lake from drying even in the harshest summer time.'),
A4: Prasinos Creek | B4: 1 | C4: A small stream that runs along the Psila Hill, where the locals believe is the home of water fairies. | D4: 1 | E4: =_xlfn.CONCAT("(",D4,",'",A4,"',","",B4,",","'",C4,"'),") -> (1,'Prasinos Creek',1,'A small stream that runs along the Psila Hill, where the locals believe is the home of water fairies.'),
A5: Telma Swamp | B5: 1 | C5: The legend tells the story of a general who came to this swamp to slay a hydra and never came back. | D5: 1 | E5: =_xlfn.CONCAT("(",D5,",'",A5,"',","",B5,",","'",C5,"'),") -> (1,'Telma Swamp',1,'The legend tells the story of a general who came to this swamp to slay a hydra and never came back.'),
A6: Theikos Spring | B6: 1 | C6: A lot of traders travelled to this place to take the water believed to be blessed by the Primordial Mountains God himself. | D6: 1 | E6: =_xlfn.CONCAT("(",D6,",'",A6,"',","",B6,",","'",C6,"'),") -> (1,'Theikos Spring',1,'A lot of traders travelled to this place to take the water believed to be blessed by the Primordial Mountains God himself.'),
A7: Evrys River | B7: 1 | C7: Some villagers believe this river is the gateway to Styx and occasionally give offerings to the river gods. | D7: 1 | E7: =_xlfn.CONCAT("(",D7,",'",A7,"',","",B7,",","'",C7,"'),") -> (1,'Evrys River',1,'Some villagers believe this river is the gateway to Styx and occasionally give offerings to the river gods.'),
A8: Iremia River | B8: 1 | C8: A long river stretches across Ourea and Seran, with plenty of fish to catch. The Seranese called this river Bengawan. | D8: 1.2 | E8: =_xlfn.CONCAT("(",D8,",'",A8,"',","",B8,",","'",C8,"'),") -> (1,2,'Iremia River',1,'A long river stretches across Ourea and Seran, with plenty of fish to catch. The Seranese called this river Bengawan.'),
A9: Saint Luke Pond | B9: 1 | C9: The pond that belongs to the church, the first fish that get capture by the fisherman has to be donated to the church. | D9: 2 | E9: =_xlfn.CONCAT("(",D9,",'",A9,"',","",B9,",","'",C9,"'),") -> (2,'Saint Luke Pond',1,'The pond that belongs to the church, the first fish that get capture by the fisherman has to be donated to the church.'),
A10: Prince Kaiden Reservoir | B10: 1 | C10: The late Prince Kaiden is said to have drowned in this lake at a young age, and his father, King Simon turn the lake into a reservoir. | D10: 2 | E10: =_xlfn.CONCAT("(",D10,",'",A10,"',","",B10,",","'",C10,"'),") -> (2,'Prince Kaiden Reservoir',1,'The late Prince Kaiden is said to have drowned in this lake at a young age, and his father, King Simon turn the lake into a reservoir.'),
A11: Merman Marsh | B11: 1 | C11: Local legend once claims a merman drowned a fisherman in the marsh. Others dismiss the tale, believing the sightings were caused by the soldiers secretly disposing of mages corpses. | D11: 2 | E11: =_xlfn.CONCAT("(",D11,",'",A11,"',","",B11,",","'",C11,"'),") -> (2,'Merman Marsh',1,'Local legend once claims a merman drowned a fisherman in the marsh. Others dismiss the tale, believing the sightings were caused by the soldiers secretly disposing of mages corpses.'),
A12: Wisp Swamp | B12: 1 | C12: Countless reports tell a story of a will-o'-the-wisp appearing at night, trying to lure a fisherman to the depths of the swamp, where some people claim it was a den of mages. | D12: 2 | E12: =_xlfn.CONCAT("(",D12,",'",A12,"',","",B12,",","'",C12,"'),") -> (2,'Wisp Swamp',1,'Countless reports tell a story of a will-o'-the-wisp appearing at night, trying to lure a fisherman to the depths of the swamp, where some people claim it was a den of mages.'),
A13: Sofia River | B13: 1 | C13: Named after the old Queen, who legend said was blessed by the god, and the mother of the first king of Rosegleam. | D13: 2 | E13: =_xlfn.CONCAT("(",D13,",'",A13,"',","",B13,",","'",C13,"'),") -> (2,'Sofia River',1,'Named after the old Queen, who legend said was blessed by the god, and the mother of the first king of Rosegleam.'),
... A35: Roufíchtra Ocean | B35: 3 | C35: The sea monster Charybdis is said to be living somewhere around this ocean, pulling the sea three times a day, creating a massive whirlpool. | D35: 1 | E35: =_xlfn.CONCAT("(",D35,",'",A35,"',","",B35,",","'",C35,"'),") -> (1,'Roufíchtra Ocean',3,'The sea monster Charybdis is said to be living somewhere around this ocean, pulling the sea three times a day, creating a massive whirlpool.'),

Sheet Total
A1: Type | B1: Value | C1: Name | D1: Total | F1: Type | G1: Water | H1: Name | I1: Total | K1: Type | L1: Value | M1: Name | N1: Total
A2: Bait | B2: Water | C2: Freshwater | D2: {=SUMPRODUCT(--ISNUMBER(SEARCH("1",Bait!C2:C100)))} -> 33 | F2: Fish | G2: =_xlfn.XLOOKUP(H2,Fish!C:C,Fish!B:B,"") -> Seawater | H2: Anemone | I2: =COUNTIFS(Fish!C:C,H2,Fish!B:B,G2) -> 1 | K2: Bait | L2: Count | M2: Total | N2: =COUNTA(Bait!A:A)-1 -> 43
A3: Bait | B3: Water | C3: Brackish | D3: {=SUMPRODUCT(--ISNUMBER(SEARCH("2",Bait!C2:C100)))} -> 22 | F3: Fish | G3: =_xlfn.XLOOKUP(H3,Fish!C:C,Fish!B:B,"") -> Brackish | H3: Archer | I3: =COUNTIFS(Fish!C:C,H3,Fish!B:B,G3) -> 2 | K3: Fish | L3: Count | M3: Total | N3: =COUNTA(Fish!A:A)-1 -> 100
A4: Bait | B4: Water | C4: Seawater | D4: {=SUMPRODUCT(--ISNUMBER(SEARCH("3",Bait!C2:C100)))} -> 16 | F4: Fish | G4: =_xlfn.XLOOKUP(H4,Fish!C:C,Fish!B:B,"") -> Seawater | H4: Barracuda | I4: =COUNTIFS(Fish!C:C,H4,Fish!B:B,G4) -> 1 | K4: Fish | L4: Mutation | M4: Total | N4: {=ROWS(_xlfn.UNIQUE(_xlfn._xlws.FILTER(Mutation!A2:A1000,Mutation!A2:A1000<>"")))} -> 100
A5: Fish | B5: Rarity | C5: Common | D5: =COUNTIF(Fish!D:D,"Common") -> 40 | F5: Fish | G5: =_xlfn.XLOOKUP(H5,Fish!C:C,Fish!B:B,"") -> Seawater | H5: Bass | I5: =COUNTIFS(Fish!C:C,H5,Fish!B:B,G5) -> 1 | K5: Location | L5: Count | M5: Total | N5: =COUNTA(Location!A:A)-1 -> 34
A6: Fish | B6: Rarity | C6: Event | D6: =COUNTIF(Fish!D:D,"Event") -> 0 | F6: Fish | G6: =_xlfn.XLOOKUP(H6,Fish!C:C,Fish!B:B,"") -> Seawater | H6: Billfish | I6: =COUNTIFS(Fish!C:C,H6,Fish!B:B,G6) -> 3 | K6: Mutation | L6: Count | M6: Total | N6: =COUNTA(Mutation!B:B)-1 -> 200
A7: Fish | B7: Rarity | C7: Legendary | D7: =COUNTIF(Fish!D:D,"Legendary") -> 0 | F7: Fish | G7: Brackish | H7: Bream | I7: =COUNTIFS(Fish!C:C,H7,Fish!B:B,G7) -> 2 | K7: Rod | L7: Count | M7: Total | N7: =COUNTA(Rod!A:A)-1 -> 18
A8: Fish | B8: Rarity | C8: Mythical | D8: =COUNTIF(Fish!D:D,"Mythical") -> 0 | F8: Fish | G8: =_xlfn.XLOOKUP(H8,Fish!C:C,Fish!B:B,"") -> Brackish | H8: Bream | I8: =COUNTIFS(Fish!C:C,H8,Fish!B:B,G8) -> 2
A9: Fish | B9: Rarity | C9: Rare | D9: =COUNTIF(Fish!D:D,"Rare") -> 14 | F9: Fish | G9: Seawater | H9: Bream | I9: =COUNTIFS(Fish!C:C,H9,Fish!B:B,G9) -> 4
A10: Fish | B10: Rarity | C10: Uncommon | D10: =COUNTIF(Fish!D:D,"Uncommon") -> 46 | F10: Fish | G10: =_xlfn.XLOOKUP(H10,Fish!C:C,Fish!B:B,"") -> Freshwater | H10: Carp | I10: =COUNTIFS(Fish!C:C,H10,Fish!B:B,G10) -> 10
A11: Fish | B11: Water | C11: Brackish | D11: =COUNTIF(Fish!B:B,"Brackish") -> 24 | F11: Fish | G11: Brackish | H11: Catfish | I11: =COUNTIFS(Fish!C:C,H11,Fish!B:B,G11) -> 2
A12: Fish | B12: Water | C12: Freshwater | D12: =COUNTIF(Fish!B:B,"Freshwater") -> 50 | F12: Fish | G12: =_xlfn.XLOOKUP(H12,Fish!C:C,Fish!B:B,"") -> Brackish | H12: Catfish | I12: =COUNTIFS(Fish!C:C,H12,Fish!B:B,G12) -> 2
A13: Fish | B13: Water | C13: Seawater | D13: =COUNTIF(Fish!B:B,"Seawater") -> 26 | F13: Fish | G13: Seawater | H13: Catfish | I13: =COUNTIFS(Fish!C:C,H13,Fish!B:B,G13) -> 2
A14: Location | B14: City | C14: Ourea | D14: =COUNTIF(Location!D:D,"Ourea") -> 0 | F14: Fish | G14: =_xlfn.XLOOKUP(H14,Fish!C:C,Fish!B:B,"") -> Brackish | H14: Cichlid | I14: =COUNTIFS(Fish!C:C,H14,Fish!B:B,G14) -> 4
A15: Location | B15: City | C15: Rosegleam | D15: =COUNTIF(Location!D:D,"Rosegleam") -> 0 | F15: Fish | G15: =_xlfn.XLOOKUP(H15,Fish!C:C,Fish!B:B,"") -> Seawater | H15: Dolphinfish | I15: =COUNTIFS(Fish!C:C,H15,Fish!B:B,G15) -> 1
A16: Location | B16: City | C16: Seran | D16: =COUNTIF(Location!D:D,"Seran") -> 0 | F16: Fish | G16: =_xlfn.XLOOKUP(H16,Fish!C:C,Fish!B:B,"") -> Seawater | H16: Filefish | I16: =COUNTIFS(Fish!C:C,H16,Fish!B:B,G16) -> 1
A17: Location | B17: City | C17: Tidehaven | D17: =COUNTIF(Location!D:D,"Tidehaven") -> 0 | F17: Fish | G17: =_xlfn.XLOOKUP(H17,Fish!C:C,Fish!B:B,"") -> Brackish | H17: Flatfish | I17: =COUNTIFS(Fish!C:C,H17,Fish!B:B,G17) -> 1
A18: Location | B18: Water | C18: Brackish | D18: =COUNTIF(Location!B:B,"2") -> 4 | F18: Fish | G18: Seawater | H18: Flatfish | I18: =COUNTIFS(Fish!C:C,H18,Fish!B:B,G18) -> 1
A19: Location | B19: Water | C19: Freshwater | D19: =COUNTIF(Location!B:B,"1") -> 25 | F19: Fish | G19: =_xlfn.XLOOKUP(H19,Fish!C:C,Fish!B:B,"") -> Brackish | H19: Four Eyed | I19: =COUNTIFS(Fish!C:C,H19,Fish!B:B,G19) -> 1
A20: Location | B20: Water | C20: Seawater | D20: =COUNTIF(Location!B:B,"3") -> 5 | F20: Fish | G20: =_xlfn.XLOOKUP(H20,Fish!C:C,Fish!B:B,"") -> Freshwater | H20: Gar | I20: =COUNTIFS(Fish!C:C,H20,Fish!B:B,G20) -> 1
F21: Fish | G21: =_xlfn.XLOOKUP(H21,Fish!C:C,Fish!B:B,"") -> Brackish | H21: Goby | I21: =COUNTIFS(Fish!C:C,H21,Fish!B:B,G21) -> 5
F22: Fish | G22: =_xlfn.XLOOKUP(H22,Fish!C:C,Fish!B:B,"") -> Brackish | H22: Halfbeak | I22: =COUNTIFS(Fish!C:C,H22,Fish!B:B,G22) -> 1
F23: Fish | G23: =_xlfn.XLOOKUP(H23,Fish!C:C,Fish!B:B,"") -> Seawater | H23: Mackerel | I23: =COUNTIFS(Fish!C:C,H23,Fish!B:B,G23) -> 1
F24: Fish | G24: =_xlfn.XLOOKUP(H24,Fish!C:C,Fish!B:B,"") -> Brackish | H24: Milkfish | I24: =COUNTIFS(Fish!C:C,H24,Fish!B:B,G24) -> 1
F25: Fish | G25: =_xlfn.XLOOKUP(H25,Fish!C:C,Fish!B:B,"") -> Brackish | H25: Moony | I25: =COUNTIFS(Fish!C:C,H25,Fish!B:B,G25) -> 2
F26: Fish | G26: =_xlfn.XLOOKUP(H26,Fish!C:C,Fish!B:B,"") -> Brackish | H26: Mullet | I26: =COUNTIFS(Fish!C:C,H26,Fish!B:B,G26) -> 1
F27: Fish | G27: =_xlfn.XLOOKUP(H27,Fish!C:C,Fish!B:B,"") -> Freshwater | H27: Perch | I27: =COUNTIFS(Fish!C:C,H27,Fish!B:B,G27) -> 5
F28: Fish | G28: =_xlfn.XLOOKUP(H28,Fish!C:C,Fish!B:B,"") -> Freshwater | H28: Pike | I28: =COUNTIFS(Fish!C:C,H28,Fish!B:B,G28) -> 4
F29: Fish | G29: =_xlfn.XLOOKUP(H29,Fish!C:C,Fish!B:B,"") -> Seawater | H29: Scorpionfish | I29: =COUNTIFS(Fish!C:C,H29,Fish!B:B,G29) -> 1
F30: Fish | G30: =_xlfn.XLOOKUP(H30,Fish!C:C,Fish!B:B,"") -> Seawater | H30: Shark | I30: =COUNTIFS(Fish!C:C,H30,Fish!B:B,G30) -> 1
F31: Fish | G31: =_xlfn.XLOOKUP(H31,Fish!C:C,Fish!B:B,"") -> Brackish | H31: Snapper | I31: =COUNTIFS(Fish!C:C,H31,Fish!B:B,G31) -> 1
F32: Fish | G32: =_xlfn.XLOOKUP(H32,Fish!C:C,Fish!B:B,"") -> Freshwater | H32: Sunfish | I32: =COUNTIFS(Fish!C:C,H32,Fish!B:B,G32) -> 10
... F34: Fish | G34: =_xlfn.XLOOKUP(H34,Fish!C:C,Fish!B:B,"") -> Seawater | H34: Tuna | I34: =COUNTIFS(Fish!C:C,H34,Fish!B:B,G34) -> 4
